Date,4. close_smoothed,ticker_sentiment_smoothed,ticker_sentiment_smoothed_shifted
2023-08-21 08:45:00,0.07208339077362659,0.462433247558175,0.44770106695205686
2023-08-21 08:50:00,0.0735496848094443,0.462433247558175,0.44770106695205686
2023-08-21 08:55:00,0.07395072249445424,0.462433247558175,0.44770106695205686
2023-08-21 09:00:00,0.07441442231774702,0.462433247558175,0.44770106695205686
2023-08-21 09:05:00,0.07419510483375721,0.462433247558175,0.44770106695205686
2023-08-21 09:10:00,0.07364994423069679,0.462433247558175,0.44770106695205686
2023-08-21 09:15:00,0.073743937438121,0.462433247558175,0.44770106695205686
2023-08-21 09:20:00,0.07392565763914113,0.462433247558175,0.44770106695205686
2023-08-21 09:25:00,0.0745585452357975,0.462433247558175,0.44770106695205686
2023-08-21 09:30:00,0.07712769290539254,0.462433247558175,0.44770106695205686
2023-08-21 09:35:00,0.08105034276189624,0.462433247558175,0.44770106695205686
2023-08-21 09:40:00,0.08588159362350067,0.462433247558175,0.44770106695205686
2023-08-21 09:45:00,0.0901708169889588,0.462433247558175,0.44770106695205686
2023-08-21 09:50:00,0.09489428897271679,0.462433247558175,0.44770106695205686
2023-08-21 09:55:00,0.10045492712393307,0.462433247558175,0.44770106695205686
2023-08-21 10:00:00,0.10561452759013941,0.462433247558175,0.44770106695205686
2023-08-21 10:05:00,0.1125599989974057,0.462433247558175,0.44770106695205686
2023-08-21 10:10:00,0.11884438484578841,0.462433247558175,0.44770106695205686
2023-08-21 10:15:00,0.12566139886957492,0.462433247558175,0.44770106695205686
2023-08-21 10:20:00,0.13057724361786113,0.462433247558175,0.44770106695205686
2023-08-21 10:25:00,0.1350889175742232,0.462433247558175,0.44770106695205686
2023-08-21 10:30:00,0.1395717669469752,0.462433247558175,0.44770106695205686
2023-08-21 10:35:00,0.1450728760668228,0.462433247558175,0.44770106695205686
2023-08-21 10:40:00,0.15084969859511474,0.462433247558175,0.44770106695205686
2023-08-21 10:45:00,0.1574285964934266,0.462433247558175,0.44770106695205686
2023-08-21 10:50:00,0.16370671612798102,0.462433247558175,0.44770106695205686
2023-08-21 10:55:00,0.16850663592044404,0.462433247558175,0.44770106695205686
2023-08-21 11:00:00,0.17396764127179062,0.462433247558175,0.44770106695205686
2023-08-21 11:05:00,0.17777749927938527,0.462433247558175,0.44770106695205686
2023-08-21 11:10:00,0.17874374945170618,0.462433247558175,0.44770106695205686
2023-08-21 11:15:00,0.17887847304901422,0.462433247558175,0.44770106695205686
2023-08-21 11:20:00,0.1787155514894789,0.462433247558175,0.44770106695205686
2023-08-21 11:25:00,0.17916358577820093,0.462433247558175,0.44770106695205686
2023-08-21 11:30:00,0.17952326645194427,0.462433247558175,0.44770106695205686
2023-08-21 11:35:00,0.17862782449588294,0.462433247558175,0.44770106695205686
2023-08-21 11:40:00,0.17834459163084465,0.462433247558175,0.44770106695205686
2023-08-21 11:45:00,0.1766282756632786,0.462433247558175,0.44770106695205686
2023-08-21 11:50:00,0.17599914779491918,0.462433247558175,0.44770106695205686
2023-08-21 11:55:00,0.17500971263143367,0.462433247558175,0.44770106695205686
2023-08-21 12:00:00,0.17575163234870209,0.462433247558175,0.44770106695205686
2023-08-21 12:05:00,0.17668467158773307,0.462433247558175,0.44770106695205686
2023-08-21 12:10:00,0.17833393906733655,0.462433247558175,0.44770106695205686
2023-08-21 12:15:00,0.17957088967703913,0.462433247558175,0.44770106695205686
2023-08-21 12:20:00,0.1810165052072235,0.462433247558175,0.44770106695205686
2023-08-21 12:25:00,0.18250786409835432,0.462433247558175,0.44770106695205686
2023-08-21 12:30:00,0.18334628350857826,0.462433247558175,0.44770106695205686
2023-08-21 12:35:00,0.1854949682302957,0.462433247558175,0.44770106695205686
2023-08-21 12:40:00,0.18782725301718176,0.462433247558175,0.44770106695205686
2023-08-21 12:45:00,0.19173047761081782,0.462433247558175,0.44770106695205686
2023-08-21 12:50:00,0.19653478375296057,0.462433247558175,0.44770106695205686
2023-08-21 12:55:00,0.20099883448422773,0.462433247558175,0.44770106695205686
2023-08-21 13:00:00,0.20459814770719215,0.462433247558175,0.44770106695205686
2023-08-21 13:05:00,0.2084700412316868,0.462433247558175,0.44770106695205686
2023-08-21 13:10:00,0.21199666637424314,0.462433247558175,0.44770106695205686
2023-08-21 13:15:00,0.2173661850036969,0.462433247558175,0.44770106695205686
2023-08-21 13:20:00,0.2227971125286677,0.462433247558175,0.44770106695205686
2023-08-21 13:25:00,0.22793039489679523,0.462433247558175,0.44770106695205686
2023-08-21 13:30:00,0.23303986565237533,0.462433247558175,0.44770106695205686
2023-08-21 13:35:00,0.2380678756281877,0.462433247558175,0.44770106695205686
2023-08-21 13:40:00,0.24325003446417584,0.462433247558175,0.44770106695205686
2023-08-21 13:45:00,0.24820974270926005,0.462433247558175,0.44770106695205686
2023-08-21 13:50:00,0.2518648252352961,0.462433247558175,0.44770106695205686
2023-08-21 13:55:00,0.255331294725101,0.462433247558175,0.44770106695205686
2023-08-21 14:00:00,0.25844685624052216,0.462433247558175,0.44770106695205686
2023-08-21 14:05:00,0.2618274786008796,0.462433247558175,0.44770106695205686
2023-08-21 14:10:00,0.2683831915080268,0.462433247558175,0.44770106695205686
2023-08-21 14:12:00,0.2741023648690986,0.46242731286587857,0.44770106695205686
2023-08-21 14:15:00,0.27732006566992073,0.46240950878898923,0.44770106695205686
2023-08-21 14:20:00,0.2803027834521823,0.4623739006352106,0.44770106695205686
2023-08-21 14:25:00,0.28323537152381767,0.4623145537122461,0.44770106695205686
2023-08-21 14:30:00,0.2865903024074791,0.4622255333277995,0.44770106695205686
2023-08-21 14:35:00,0.28951662426528624,0.4621009047895742,0.44770106695205686
2023-08-21 14:40:00,0.2932663266201294,0.46182795830418166,0.44770106695205686
2023-08-21 14:45:00,0.2963179727545021,0.46145441821121247,0.44770106695205686
2023-08-21 14:50:00,0.2995087288358626,0.460922930031978,0.44770106695205686
2023-08-21 14:50:42,0.30299900993821494,0.4602455637048545,0.44770106695205686
2023-08-21 14:55:00,0.3047761081799153,0.4596974160727627,0.44770106695205686
2023-08-21 14:57:00,0.3068884488614287,0.459080377845502,0.44770106695205686
2023-08-21 15:00:00,0.31129485042547567,0.4580253728946547,0.44770106695205686
2023-08-21 15:05:00,0.3153190129459975,0.4568482416092527,0.44770106695205686
2023-08-21 15:10:00,0.31822277643402275,0.45598695071288253,0.44770106695205686
2023-08-21 15:15:00,0.32196621257503766,0.4550719179246365,0.44770106695205686
2023-08-21 15:20:00,0.32571904803679497,0.45410607175467516,0.44770106695205686
2023-08-21 15:21:09,0.3294718834985523,0.45310999438706345,0.44770106695205686
2023-08-21 15:25:00,0.33296153797952177,0.45210426800586595,0.44770106695205686
2023-08-21 15:30:00,0.33615730703194496,0.4511094747951477,0.44770106695205686
2023-08-21 15:31:00,0.33924028423545904,0.4501630135145285,0.44770106695205686
2023-08-21 15:35:00,0.34277442883460935,0.44930228292362856,0.44770106695205686
2023-08-21 15:40:00,0.3463768751644879,0.448564681782068,0.44770106695205686
2023-08-21 15:44:00,0.34952815409873017,0.4479594896180436,0.44770106695205686
2023-08-21 15:45:00,0.35252277768726553,0.44749568979829013,0.44770106695205686
2023-08-21 15:50:00,0.3559247051746391,0.4471822656895414,0.44770106695205686
2023-08-21 15:53:18,0.3593266326620127,0.4470780113207399,0.44770106695205686
2023-08-21 15:55:00,0.3625781710175075,0.4472417207208276,0.44770106695205686
2023-08-21 16:00:00,0.3655665283922146,0.44770106695205686,0.44770106695205686
2023-08-21 16:05:00,0.368958429937463,0.44848372307667983,0.44770106695205686
2023-08-21 16:10:00,0.3724380584763072,0.4496082858012468,0.44770106695205686
2023-08-21 16:12:50,0.37562066847969094,0.45107124694154244,0.44770106695205686
2023-08-21 16:15:00,0.3789098041181555,0.4528706167708222,0.44770106695205686
2023-08-21 16:20:00,0.3827321945534067,0.4550044055623411,0.44770106695205686
2023-08-21 16:25:00,0.3857211785494966,0.4574706235893545,0.44770106695205686
2023-08-21 16:30:00,0.3876386399809505,0.4602672811251171,0.44770106695205686
2023-08-21 16:35:00,0.38918639479653583,0.46339238844288444,0.44770106695205686
2023-08-21 16:36:23,0.39073414961212116,0.4668236259175373,0.44770106695205686
2023-08-21 16:40:00,0.39291792513127693,0.47053867392395665,0.44770106695205686
2023-08-21 16:41:21,0.39553657589011537,0.4745069034179622,0.44770106695205686
2023-08-21 16:45:00,0.3984685373403679,0.47864723562870826,0.44770106695205686
2023-08-21 16:48:00,0.4008559648089428,0.48287191565179244,0.44770106695205686
2023-08-21 16:50:00,0.40353163811361864,0.4870931885828126,0.44770106695205686
2023-08-21 16:53:23,0.4062073114182946,0.49130765721163544,0.44770106695205686
2023-08-21 16:55:00,0.4087451280187482,0.4955122204895904,0.44770106695205686
2023-08-21 16:58:28,0.4103680774002729,0.49970479589860356,0.44770106695205686
2023-08-21 17:00:00,0.41241712932212077,0.5037586397720042,0.44770106695205686
2023-08-21 17:05:00,0.414165402980211,0.5075470084431217,0.44770106695205686
2023-08-21 17:10:00,0.41620192247440224,0.5109742792119754,0.44770106695205686
2023-08-21 17:15:00,0.4175303598059978,0.5139448293785847,0.44770106695205686
2023-08-21 17:20:00,0.4180441893399168,0.5163721125986711,0.44770106695205686
2023-08-21 17:20:44,0.4185580188738358,0.518256434520351,0.44770106695205686
2023-08-21 17:25:00,0.4191971726843204,0.5195965823342702,0.44770106695205686
2023-08-21 17:30:00,0.4193224969608861,0.5203913432310752,0.44770106695205686
2023-08-21 17:35:00,0.41966713872144146,0.520639504401412,0.44770106695205686
2023-08-21 17:40:00,0.42066973293396637,0.5198725596572156,0.44770106695205686
2023-08-21 17:45:00,0.4218603135613397,0.5179348559412145,0.44770106695205686
2023-08-21 17:50:00,0.4220482999761882,0.5158559137426033,0.44770106695205686
2023-08-21 17:51:00,0.4222362863910366,0.5132242907738342,0.44770106695205686
2023-08-21 17:54:00,0.422110962114471,0.5101155769861693,0.44770106695205686
2023-08-21 17:55:00,0.4219229756996226,0.5066253907315396,0.44770106695205686
2023-08-21 18:00:00,0.42097051119772394,0.5028493503618764,0.44770106695205686
2023-08-21 18:01:13,0.4200180466958253,0.49881383509824617,0.44770106695205686
2023-08-21 18:05:00,0.4193914253129972,0.49454512544122825,0.44770106695205686
2023-08-21 18:05:18,0.4187648039301692,0.4900841054085784,0.44770106695205686
2023-08-21 18:10:00,0.4173423733911494,0.48558806322063985,0.44770106695205686
2023-08-21 18:15:00,0.416239519757372,0.481214287097756,0.44770106695205686
2023-08-21 18:17:52,0.41511160126828156,0.4770973700229657,0.44770106695205686
2023-08-21 18:20:00,0.41453510959607975,0.47337190497930737,0.44770106695205686
2023-08-21 18:25:00,0.414785758149211,0.47016945949791894,0.44770106695205686
2023-08-21 18:26:00,0.4150364067023422,0.4674835046860116,0.44770106695205686
2023-08-21 18:30:00,0.4149737445640594,0.4653080178032864,0.44770106695205686
2023-08-21 18:35:00,0.41486095271515033,0.4636369761094444,0.44770106695205686
2023-08-21 18:40:00,0.4145037785269383,0.4624643568641867,0.44770106695205686
2023-08-21 18:45:00,0.4143220583259182,0.46183568335527125,0.44770106695205686
2023-08-21 18:50:00,0.41377689772285775,0.46179647887045583,0.44770106695205686
2023-08-21 18:55:00,0.41334766207562057,0.4623834860091625,0.44770106695205686
2023-08-21 18:57:00,0.41293722506986813,0.4636176895453127,0.44770106695205686
2023-08-21 19:00:00,0.4125487198125148,0.46544198278962956,0.44770106695205686
2023-08-21 19:00:31,0.4121602145551614,0.4678477380260646,0.44770106695205686
2023-08-21 19:03:13,0.41183437143609075,0.47081805557202544,0.44770106695205686
2023-08-21 19:05:00,0.41207875377539366,0.4743360357449197,0.44770106695205686
2023-08-21 19:10:00,0.4123795320391512,0.4783675424033646,0.44770106695205686
2023-08-21 19:15:00,0.4124985901018885,0.4828784394059774,0.44770106695205686
2023-08-21 19:20:00,0.4127680372965045,0.48778466887626637,0.44770106695205686
2023-08-21 19:22:00,0.4134071911069892,0.4929462638396439,0.44770106695205686
2023-08-21 19:23:27,0.41396488413770616,0.4982407505128722,0.44770106695205686
2023-08-21 19:25:00,0.4144849798854534,0.5035826198579374,0.44770106695205686
2023-08-21 19:30:00,0.4149361472810897,0.5088863628368256,0.44770106695205686
2023-08-21 19:35:00,0.41515546476507953,0.5140664704115231,0.44770106695205686
2023-08-21 19:40:00,0.41515546476507953,0.5191516597690791,0.44770106695205686
2023-08-21 19:45:00,0.41523692554484715,0.5241706480965426,0.44770106695205686
2023-08-21 19:50:00,0.4152431917586754,0.5291521525809627,0.44770106695205686
2023-08-21 19:55:00,0.41515546476507953,0.5341248904093887,0.44770106695205686
2023-08-21 19:57:26,0.41489228378429177,0.5390305991019302,0.44770106695205686
2023-08-21 20:09:17,0.41482335543218063,0.5438249727258713,0.44770106695205686
2023-08-21 20:14:00,0.4147262291178423,0.5484704042104931,0.44770106695205686
2023-08-21 20:22:00,0.4146291028035039,0.5529857560862811,0.44770106695205686
2023-08-21 20:29:01,0.4145100447407666,0.5574364748979196,0.44770106695205686
2023-08-21 20:42:00,0.4143909866780292,0.5617650396067783,0.44770106695205686
2023-08-21 20:46:00,0.4142719286152919,0.5658985274935076,0.44770106695205686
2023-08-21 20:50:00,0.4139523517100495,0.5697341208243902,0.44770106695205686
2023-08-21 20:50:47,0.4135763788803527,0.5732508772189876,0.44770106695205686
2023-08-21 21:04:05,0.41335079518253465,0.5764077486194943,0.44770106695205686
2023-08-21 21:07:26,0.4129748223528377,0.579259124974801,0.44770106695205686
2023-08-21 21:08:39,0.4125988495231409,0.5818491662615075,0.44770106695205686
2023-08-21 21:25:20,0.41222287669344404,0.5841851773016005,0.44770106695205686
2023-08-21 21:38:00,0.4118845011467169,0.5862362895128999,0.44770106695205686
2023-08-21 21:56:00,0.4114333337510807,0.5880023776913438,0.44770106695205686
2023-08-21 22:25:13,0.4111137568458384,0.5894342789352813,0.44770106695205686
2023-08-21 22:35:00,0.4109633677139596,0.590694813369857,0.44770106695205686
2023-08-21 22:43:12,0.41090070557567676,0.5908866043512118,0.44770106695205686
2023-08-21 22:50:08,0.41090070557567676,0.5901684829655278,0.44770106695205686
2023-08-22 04:00:00,0.41404007870364534,0.5888142165407709,0.44770106695205686
2023-08-22 04:05:00,0.4158948779968165,0.5868053052133113,0.44848372307667983
2023-08-22 04:10:00,0.41834496760367423,0.5841120836248503,0.4496082858012468
2023-08-22 04:15:00,0.4210958354742894,0.5806300245664797,0.4528706167708222
2023-08-22 04:20:00,0.423921897910844,0.576281545593252,0.4550044055623411
2023-08-22 04:25:00,0.4265913050016916,0.5711014822896038,0.4574706235893545
2023-08-22 04:30:00,0.42957402278395324,0.5651203650780475,0.4602672811251171
2023-08-22 04:35:00,0.43269459727043696,0.5584584094241997,0.46339238844288444
2023-08-22 04:40:00,0.43627197874500245,0.5511111532410756,0.47053867392395665
2023-08-22 04:45:00,0.4395993382878195,0.5431344514737912,0.47864723562870826
2023-08-22 04:50:00,0.4431516549070718,0.5344360623273132,0.4870931885828126
2023-08-22 04:55:00,0.4472553983432128,0.525065337052892,0.4955122204895904
2023-08-22 05:00:00,0.451340343137869,0.5150772332175171,0.5037586397720042
2023-08-22 05:05:00,0.455713533768626,0.5045426559467483,0.5075470084431217
2023-08-22 05:10:00,0.4597295502111711,0.4934402802317906,0.5109742792119754
2023-08-22 05:15:00,0.46345105460378705,0.48189589415661677,0.5139448293785847
2023-08-22 05:20:00,0.4676550574611806,0.47000755908406366,0.5163721125986711
2023-08-22 05:25:00,0.47185906031857405,0.457873336376968,0.5195965823342702
2023-08-22 05:30:00,0.47606932938979585,0.44547873477688577,0.5203913432310752
2023-08-22 05:35:00,0.4804550524482095,0.43295942281619215,0.520639504401412
2023-08-22 05:40:00,0.4821087062774928,0.4203447681106144,0.5198725596572156
2023-08-22 05:45:00,0.4853853094883007,0.40770600791740286,0.5179348559412145
2023-08-22 05:50:00,0.4873836050781395,0.3951255449884777,0.5158559137426033
2023-08-22 05:55:00,0.48944456280626103,0.3827291282753659,0.5066253907315396
2023-08-22 06:00:00,0.49133006654719064,0.37059784089696307,0.5028493503618764
2023-08-22 06:05:00,0.4934536864135949,0.35876329475427593,0.49454512544122825
2023-08-22 06:10:00,0.4947752309099793,0.34728491977848663,0.48558806322063985
2023-08-22 06:15:00,0.49588999035003045,0.3361324608576725,0.481214287097756
2023-08-22 06:20:00,0.496704598147707,0.3253852218691079,0.47337190497930737
2023-08-22 06:25:00,0.49759377388993997,0.3150621896579666,0.47016945949791894
2023-08-22 06:30:00,0.49857130324715176,0.3053127887006052,0.4653080178032864
2023-08-22 06:35:00,0.4987530234481719,0.29610788271729377,0.4636369761094444
2023-08-22 06:40:00,0.4989472760768486,0.2874477154952626,0.4624643568641867
2023-08-22 06:45:00,0.49833945333550533,0.27932890484491296,0.46183568335527125
2023-08-22 06:50:00,0.4977510558570299,0.27184029871100096,0.46179647887045583
2023-08-22 06:55:00,0.4977322572155449,0.264923631945515,0.4623834860091625
2023-08-22 07:00:00,0.4971682979709997,0.2585585359129125,0.46544198278962956
2023-08-22 07:05:00,0.4965855400849696,0.25272464197765104,0.4743360357449197
2023-08-22 07:10:00,0.496547942802,0.24751413412546888,0.4783675424033646
2023-08-22 07:15:00,0.496660734650909,0.24286903655128525,0.4828784394059774
2023-08-22 07:20:00,0.49594012006065674,0.2387668070889018,0.48778466887626637
2023-08-22 07:25:00,0.494805935357738,0.2351709470249459,0.5035826198579374
2023-08-22 07:30:00,0.49462421515671784,0.2320412358144885,0.5088863628368256
2023-08-22 07:35:00,0.4943547679621017,0.22932825678789817,0.5140664704115231
2023-08-22 07:40:00,0.4942858396099906,0.22699748188642105,0.5191516597690791
2023-08-22 07:45:00,0.49426077475467756,0.22502263713155218,0.5241706480965426
2023-08-22 07:50:00,0.494492624666324,0.22336425705668672,0.5291521525809627
2023-08-22 07:55:00,0.49444249495569775,0.22201277120958784,0.5341248904093887
2023-08-22 08:00:00,0.4939098667802938,0.22092208947495323,0.5697341208243902
2023-08-22 08:05:00,0.4937720100760717,0.2200662274148474,0.5697341208243902
2023-08-22 08:10:00,0.49364041958567784,0.2193757213809405,0.5697341208243902
2023-08-22 08:15:00,0.4936235008083414,0.21884678926189882,0.5697341208243902
2023-08-22 08:20:00,0.49408093441780593,0.21846002452695196,0.5697341208243902
2023-08-22 08:25:00,0.4958354742897246,0.21819722930427257,0.5697341208243902
2023-08-22 08:30:00,0.49895542215482547,0.2180094623439149,0.5697341208243902
2023-08-22 08:35:00,0.501399245547855,0.2178968200935226,0.5697341208243902
2023-08-22 08:40:00,0.5036644818467785,0.21784676682991616,0.5697341208243902
2023-08-22 08:45:00,0.5066753975912673,0.21784676682991616,0.5697341208243902
2023-08-22 08:50:00,0.509012695349216,0.21784676682991616,0.5697341208243902
2023-08-22 08:55:00,0.5107860338626194,0.21784676682991616,0.590694813369857
2023-08-22 09:00:00,0.5132298572556488,0.21784676682991616,0.590694813369857
2023-08-22 09:05:00,0.5154104996678905,0.21784676682991616,0.590694813369857
2023-08-22 09:10:00,0.5176350055769301,0.21784676682991616,0.590694813369857
2023-08-22 09:15:00,0.519684057498778,0.21784676682991616,0.590694813369857
2023-08-22 09:20:00,0.5220652187535247,0.21784676682991616,0.590694813369857
2023-08-22 09:25:00,0.5237884275563018,0.21784676682991616,0.590694813369857
2023-08-22 09:30:00,0.5235597107515695,0.21784676682991616,0.590694813369857
2023-08-22 09:35:00,0.5198758036419233,0.21784676682991616,0.590694813369857
2023-08-22 09:40:00,0.517570463574499,0.21784676682991616,0.590694813369857
2023-08-22 09:45:00,0.5139742834584486,0.21784676682991616,0.590694813369857
2023-08-22 09:50:00,0.5071309513365833,0.21784676682991616,0.590694813369857
2023-08-22 09:55:00,0.4977372701866078,0.21784676682991616,0.590694813369857
2023-08-22 10:00:00,0.4905380171192961,0.21784676682991616,0.590694813369857
2023-08-22 10:05:00,0.4816343538906921,0.21784676682991616,0.590694813369857
2023-08-22 10:10:00,0.47338237690022933,0.21784676682991616,0.590694813369857
2023-08-22 10:15:00,0.46525572418633204,0.21784676682991616,0.590694813369857
2023-08-22 10:20:00,0.45506184753048495,0.21784676682991616,0.590694813369857
2023-08-22 10:25:00,0.4420450415449976,0.21784676682991616,0.590694813369857
2023-08-22 10:30:00,0.42748862682190164,0.21784676682991616,0.590694813369857
2023-08-22 10:35:00,0.4148885240559948,0.21784676682991616,0.590694813369857
2023-08-22 10:40:00,0.40242627799431024,0.21784676682991616,0.5888142165407709
2023-08-22 10:45:00,0.389951499504969,0.21784676682991616,0.5888142165407709
2023-08-22 10:50:00,0.3791435338939505,0.21784676682991616,0.5888142165407709
2023-08-22 10:55:00,0.36906182246562974,0.21784676682991616,0.5888142165407709
2023-08-22 11:00:00,0.35785281916960127,0.21784676682991616,0.5888142165407709
2023-08-22 11:05:00,0.34606356447307396,0.21784676682991616,0.5888142165407709
2023-08-22 11:10:00,0.33522113468599996,0.21784676682991616,0.5888142165407709
2023-08-22 11:15:00,0.32832829947489117,0.21784676682991616,0.5888142165407709
2023-08-22 11:20:00,0.3209504593134735,0.21784676682991616,0.5888142165407709
2023-08-22 11:25:00,0.3130995200080206,0.21784676682991616,0.5888142165407709
2023-08-22 11:30:00,0.30921634729863506,0.21784676682991616,0.5888142165407709
2023-08-22 11:35:00,0.3072111588735853,0.21784676682991616,0.5888142165407709
2023-08-22 11:40:00,0.3026061183311818,0.21784676682991616,0.5888142165407709
2023-08-22 11:45:00,0.29921797651423043,0.21784676682991616,0.5888142165407709
2023-08-22 11:50:00,0.2918257240610077,0.21784676682991616,0.5888142165407709
2023-08-22 11:55:00,0.28517789781058467,0.21784676682991616,0.5888142165407709
2023-08-22 12:00:00,0.28075081774090443,0.21784676682991616,0.5888142165407709
2023-08-22 12:05:00,0.2778871580213801,0.21784676682991616,0.5888142165407709
2023-08-22 12:10:00,0.2755448472923688,0.21784676682991616,0.5888142165407709
2023-08-22 12:15:00,0.271308886744451,0.21784676682991616,0.5888142165407709
2023-08-22 12:20:00,0.26728597746669486,0.21784676682991616,0.5888142165407709
2023-08-22 12:25:00,0.2642405975461505,0.21784676682991616,0.5888142165407709
2023-08-22 12:30:00,0.2589769779303947,0.21784676682991616,0.5888142165407709
2023-08-22 12:35:00,0.2546601832240921,0.21784676682991616,0.5888142165407709
2023-08-22 12:40:00,0.2510734024287843,0.21784676682991616,0.5888142165407709
2023-08-22 12:45:00,0.24828243078966805,0.21784676682991616,0.5888142165407709
2023-08-22 12:50:00,0.24728923589788554,0.21784676682991616,0.5888142165407709
2023-08-22 12:55:00,0.24538180040855692,0.21784676682991616,0.5888142165407709
2023-08-22 13:00:00,0.24247051746393772,0.21784676682991616,0.5888142165407709
2023-08-22 13:05:00,0.24120098254232808,0.21784676682991616,0.5888142165407709
2023-08-22 13:10:00,0.23862556865890472,0.21784676682991616,0.5888142165407709
2023-08-22 13:15:00,0.23633213439775397,0.21784676682991616,0.5888142165407709
2023-08-22 13:20:00,0.23377551915581546,0.21784676682991616,0.5888142165407709
2023-08-22 13:25:00,0.2314588999035001,0.21784676682991616,0.5888142165407709
2023-08-22 13:30:00,0.23157983783038594,0.21784676682991616,0.5888142165407709
2023-08-22 13:35:00,0.23114934894038308,0.21784676682991616,0.5888142165407709
2023-08-22 13:40:00,0.23063677264922977,0.21784676682991616,0.5888142165407709
2023-08-22 13:45:00,0.23096261576830038,0.21784676682991616,0.5888142165407709
2023-08-22 13:50:00,0.23154537365433048,0.21784676682991616,0.5888142165407709
2023-08-22 13:55:00,0.23361322421766312,0.21784676682991616,0.5888142165407709
2023-08-22 14:00:00,0.2337510809218853,0.21784676682991616,0.5888142165407709
2023-08-22 14:05:00,0.2340549922925569,0.21784676682991616,0.5888142165407709
2023-08-22 14:07:00,0.2345970197887032,0.21786241012384036,0.5888142165407709
2023-08-22 14:10:00,0.2333093128469915,0.2179093400056129,0.5888142165407709
2023-08-22 14:14:00,0.23198651510784143,0.21801473603386734,0.5888142165407709
2023-08-22 14:15:00,0.2313724261526699,0.2182057777672371,0.5888142165407709
2023-08-22 14:20:00,0.23109984585113968,0.21850964476435547,0.5888142165407709
2023-08-22 14:25:00,0.2322246312333161,0.2189535165838561,0.5888142165407709
2023-08-22 14:27:00,0.23378554509794078,0.21959912455976,0.5888142165407709
2023-08-22 14:30:00,0.2351866705099443,0.22050820002608829,0.5888142165407709
2023-08-22 14:35:00,0.23588535335179764,0.22174247431686211,0.5888142165407709
2023-08-22 14:38:52,0.23710413194139818,0.22334490112140148,0.5888142165407709
2023-08-22 14:40:00,0.2385782587445012,0.22655434819773346,0.5888142165407709
2023-08-22 14:45:00,0.2389119346308572,0.23063910398558032,0.5888142165407709
2023-08-22 14:48:40,0.23927349516874896,0.23400335699067543,0.5888142165407709
2023-08-22 14:50:00,0.23998659030240727,0.23789718374857208,0.5888142165407709
2023-08-22 14:55:00,0.2409547203388766,0.2423595937735931,0.5888142165407709
2023-08-22 14:55:42,0.2428063865251336,0.24743153758888797,0.5888142165407709
2023-08-22 15:00:00,0.24455779329013794,0.25619044377774347,0.5888142165407709
2023-08-22 15:05:00,0.24770656573884894,0.26603226331787805,0.5888142165407709
2023-08-22 15:09:30,0.2496459589187018,0.2732874820642958,0.5888142165407709
2023-08-22 15:09:31,0.2516417480230092,0.2810526928261136,0.5888142165407709
2023-08-22 15:10:00,0.2535310114922359,0.2892852201891797,0.5888142165407709
2023-08-22 15:12:00,0.255028636597195,0.297942265314028,0.5888142165407709
2023-08-22 15:15:00,0.2543255674056619,0.3069810293611925,0.5888142165407709
2023-08-22 15:20:00,0.25285300715601594,0.3163587134912071,0.5888142165407709
2023-08-22 15:24:00,0.25138044690637,0.325920421899149,0.5888142165407709
2023-08-22 15:25:00,0.24993295151203715,0.33551125878009547,0.5888142165407709
2023-08-22 15:30:00,0.2485418520421589,0.34497632832912367,0.5888142165407709
2023-08-22 15:35:00,0.24690950333989176,0.35421706767541417,0.5888142165407709
2023-08-22 15:36:35,0.24527715463762467,0.36316969458905,0.5888142165407709
2023-08-22 15:40:00,0.2446129359718269,0.3717704268401143,0.5888142165407709
2023-08-22 15:45:00,0.24394871730602916,0.37995548219869,0.5888142165407709
2023-08-22 15:50:00,0.24342862155828185,0.3876274521022819,0.5888142165407709
2023-08-22 15:55:00,0.24300251901795877,0.39468892798839467,0.5888142165407709
2023-08-22 16:00:00,0.24227877132079234,0.401042501294533,0.5888142165407709
2023-08-22 16:05:00,0.24201872344691872,0.4065849404317218,0.5868053052133113
2023-08-22 16:09:00,0.24175867557304512,0.41142547196100987,0.5841120836248503
2023-08-22 16:10:00,0.24118845011467155,0.4156733224434458,0.5841120836248503
2023-08-22 16:15:00,0.24021092075745978,0.41943771844007793,0.5806300245664797
2023-08-22 16:15:52,0.23923339140024796,0.4226866975378181,0.576281545593252
2023-08-22 16:20:00,0.23767937037083436,0.4253831493317839,0.576281545593252
2023-08-22 16:25:00,0.23580577243617848,0.42752457221122037,0.5711014822896038
2023-08-22 16:30:00,0.23370408431817313,0.42967566480688735,0.5651203650780475
2023-08-22 16:35:00,0.23323787800934906,0.43081473178463725,0.5584584094241997
2023-08-22 16:40:00,0.23314075169501067,0.4310610836722836,0.5511111532410756
2023-08-22 16:45:00,0.23312821926735414,0.4311083993446304,0.5431344514737912
2023-08-22 16:48:00,0.23402742095171242,0.4310937796210873,0.5344360623273132
2023-08-22 16:50:00,0.23571929868534824,0.43115160502318306,0.5344360623273132
2023-08-22 16:55:00,0.23734851428070125,0.43146596277674354,0.525065337052892
2023-08-22 16:57:08,0.23814432343689287,0.43193819563851105,0.5150772332175171
2023-08-22 17:00:00,0.23875214617823612,0.4326966741374063,0.5150772332175171
2023-08-22 17:05:00,0.23912811900793293,0.4338195234340104,0.5045426559467483
2023-08-22 17:06:11,0.23924091085684202,0.43539849132564123,0.4934402802317906
2023-08-22 17:10:00,0.2386487536500695,0.4388082531414658,0.4934402802317906
2023-08-22 17:15:00,0.23798140187735767,0.4429289806393214,0.48189589415661677
2023-08-22 17:20:00,0.23741744263281242,0.4475248234593082,0.47000755908406366
2023-08-22 17:25:00,0.23774328575188303,0.4525326921936701,0.457873336376968
2023-08-22 17:30:00,0.23847643276979183,0.4561939787419907,0.44547873477688577
2023-08-22 17:35:00,0.23932863785043795,0.4600619616818255,0.43295942281619215
2023-08-22 17:40:00,0.23999661624453267,0.46409525696972576,0.4203447681106144
2023-08-22 17:40:07,0.24058940007268803,0.468223438457312,0.40770600791740286
2023-08-22 17:43:07,0.2410411940897071,0.4723322141058632,0.40770600791740286
2023-08-22 17:45:00,0.24141090070557564,0.47630729187665777,0.40770600791740286
2023-08-22 17:50:00,0.24171167896933304,0.48006883733156247,0.3951255449884777
2023-08-22 17:55:00,0.2420813855852016,0.48354569187349555,0.3827291282753659
2023-08-22 18:00:00,0.24257641647763575,0.4866498152078961,0.37059784089696307
2023-08-22 18:05:00,0.24293985687967604,0.4892931670402036,0.35876329475427593
2023-08-22 18:10:00,0.24333462835085773,0.49146634342871376,0.34728491977848663
2023-08-22 18:12:07,0.24377326331883734,0.4931561684987765,0.3361324608576725
2023-08-22 18:15:00,0.24418056721767561,0.4943494663757426,0.3361324608576725
2023-08-22 18:20:00,0.24458787111651378,0.49499219327475324,0.3253852218691079
2023-08-22 18:25:00,0.24502650608449347,0.49502836440212344,0.3150621896579666
2023-08-22 18:30:00,0.24530848570676606,0.49449818538106705,0.3053127887006052
2023-08-22 18:30:20,0.24543380998333167,0.49345126804934647,0.29610788271729377
2023-08-22 18:35:00,0.2454338099833317,0.4909399734966619,0.29610788271729377
2023-08-22 18:38:56,0.24512049929191765,0.48750451218837326,0.2874477154952626
2023-08-22 18:40:00,0.24488864938027127,0.48465091289275736,0.2874477154952626
2023-08-22 18:45:00,0.24481345481433192,0.48147979609624214,0.27932890484491296
2023-08-22 18:50:00,0.24449638439462093,0.4780881902034492,0.27184029871100096
2023-08-22 18:55:00,0.24426704096850585,0.4746602499337911,0.264923631945515
2023-08-22 18:59:26,0.2440376975423908,0.4713172555309166,0.2585585359129125
2023-08-22 19:00:00,0.24381211384457266,0.4681804872384747,0.2585585359129125
2023-08-22 19:05:00,0.24354579975687077,0.4653367676995261,0.25272464197765104
2023-08-22 19:09:02,0.2432105573170577,0.4628957031388964,0.24751413412546888
2023-08-22 19:10:00,0.24294737633626995,0.4609775779980789,0.24751413412546888
2023-08-22 19:15:00,0.24280951963204775,0.45970267671856657,0.24286903655128525
2023-08-22 19:20:00,0.24268419535548214,0.45911264738899626,0.2387668070889018
2023-08-22 19:25:00,0.24260900078954278,0.45922682756426225,0.2351709470249459
2023-08-22 19:30:00,0.24259646836188625,0.46006455479925845,0.2320412358144885
2023-08-22 19:35:00,0.2425369393305176,0.461686034559088,0.22932825678789817
2023-08-22 19:40:00,0.24238968330555297,0.46581397433464966,0.22699748188642105
2023-08-22 19:41:00,0.2423990826262954,0.4716697403423892,0.22502263713155218
2023-08-22 19:45:00,0.24286904866341646,0.47674080071308006,0.22502263713155218
2023-08-22 19:50:00,0.24318235935483049,0.4827223701217849,0.22336425705668672
2023-08-22 19:55:00,0.2434956700462445,0.489517058584038,0.22201277120958784
2023-08-22 20:00:00,0.24393430501422414,0.4970091120294719,0.22092208947495323
2023-08-22 20:04:00,0.24409722657375946,0.5051011263424604,0.2193757213809405
2023-08-22 20:09:28,0.2445671926108805,0.5136320459154027,0.2193757213809405
2023-08-22 20:10:00,0.24494943165440564,0.5223714038666019,0.2193757213809405
2023-08-22 20:23:00,0.24533167069793077,0.5312519262847498,0.21784676682991616
2023-08-22 20:30:12,0.2457452408105973,0.5401561433986728,0.21784676682991616
2023-08-22 20:45:00,0.24626846966525878,0.5489895080577263,0.21784676682991616
2023-08-22 20:54:14,0.24679169851992025,0.5576191166937432,0.401042501294533
2023-08-22 21:33:19,0.24715513892196053,0.5659221268286514,0.401042501294533
2023-08-22 21:33:29,0.2473556577644655,0.5738071530355315,0.401042501294533
2023-08-22 21:44:54,0.24751231311017255,0.581192671955476,0.401042501294533
2023-08-22 21:59:04,0.247634504279824,0.5910424099854934,0.401042501294533
2023-08-22 21:59:35,0.24772849748724823,0.59941954774356,0.401042501294533
2023-08-22 22:04:00,0.24791021768826838,0.6038428662342334,0.401042501294533
2023-08-22 22:09:00,0.24809193788928852,0.6073740707032378,0.401042501294533
2023-08-22 22:48:00,0.2482736580903087,0.6099636423017784,0.401042501294533
2023-08-22 22:52:00,0.24811700274460166,0.6116202685315847,0.401042501294533
2023-08-23 04:00:00,0.25125010965874195,0.6123244452284109,0.401042501294533
2023-08-23 04:05:00,0.25469652726429637,0.6121867708617439,0.4065849404317218
2023-08-23 04:10:00,0.2587507676111939,0.611372936158775,0.4156733224434458
2023-08-23 04:15:00,0.26308636095898136,0.6099283686513537,0.41943771844007793
2023-08-23 04:20:00,0.2675222137280212,0.608089450347251,0.4253831493317839
2023-08-23 04:25:00,0.2717826125098693,0.6060684602370873,0.42752457221122037
2023-08-23 04:30:00,0.275103705838858,0.6038558870613906,0.42967566480688735
2023-08-23 04:35:00,0.27848746130612956,0.6015928071402878,0.43081473178463725
2023-08-23 04:40:00,0.2818398857042597,0.5993859865329049,0.4310610836722836
2023-08-23 04:45:00,0.28528003709598576,0.5973710680785969,0.4311083993446304
2023-08-23 04:50:00,0.28885804519193403,0.5956535113464329,0.43115160502318306
2023-08-23 04:55:00,0.292273131728347,0.5942444047520229,0.43146596277674354
2023-08-23 05:00:00,0.29578221147218414,0.5932038868597991,0.4326966741374063
2023-08-23 05:05:00,0.29963593297657676,0.5926822574875389,0.4338195234340104
2023-08-23 05:10:00,0.3034833882671411,0.5928307882420836,0.4388082531414658
2023-08-23 05:15:00,0.3070739287907459,0.5938015416800073,0.4429289806393214
2023-08-23 05:20:00,0.3108336570877143,0.5957559211540514,0.4475248234593082
2023-08-23 05:25:00,0.3147187096612484,0.598708186092566,0.4525326921936701
2023-08-23 05:30:00,0.31847843795821673,0.6027872783977043,0.4561939787419907
2023-08-23 05:35:00,0.3226141390848819,0.6079466780901785,0.4600619616818255
2023-08-23 05:40:00,0.3237414309525896,0.6141492624126932,0.46409525696972576
2023-08-23 05:45:00,0.3243868509769025,0.6213145410633748,0.47630729187665777
2023-08-23 05:50:00,0.3240547416440037,0.6293069314826454,0.48006883733156247
2023-08-23 05:55:00,0.3236042008697503,0.6381111143062688,0.48354569187349555
2023-08-23 06:00:00,0.3230534006742444,0.6475208156940871,0.4866498152078961
2023-08-23 06:05:00,0.32236474377451635,0.657382906928024,0.4892931670402036
2023-08-23 06:10:00,0.3218759790959104,0.6677034713246135,0.49146634342871376
2023-08-23 06:15:00,0.3211428320780016,0.6783380046207909,0.4943494663757426
2023-08-23 06:20:00,0.32047861341220385,0.6891763128144925,0.49499219327475324
2023-08-23 06:25:00,0.319231636860376,0.7001046886796555,0.49502836440212344
2023-08-23 06:30:00,0.31760868747885135,0.7110396082605035,0.49449818538106705
2023-08-23 06:35:00,0.3158040178963065,0.7219919187547187,0.4909399734966619
2023-08-23 06:40:00,0.3140181469552465,0.732923417211161,0.48465091289275736
2023-08-23 06:45:00,0.31228867193864107,0.7436983025807651,0.48147979609624214
2023-08-23 06:50:00,0.3102270875891367,0.7541798020254006,0.4780881902034492
2023-08-23 06:55:00,0.3086104044214403,0.7642303517572049,0.4746602499337911
2023-08-23 07:00:00,0.30522664895416873,0.7737030471921482,0.4681804872384747
2023-08-23 07:05:00,0.30090296141265505,0.7825332952879002,0.4653367676995261
2023-08-23 07:10:00,0.2972685573922523,0.7905750222343441,0.4609775779980789
2023-08-23 07:15:00,0.2935276277367687,0.7978576161028037,0.45970267671856657
2023-08-23 07:20:00,0.2898875841239205,0.804410464964603,0.45911264738899626
2023-08-23 07:25:00,0.28585214241850776,0.8102629568910655,0.45922682756426225
2023-08-23 07:30:00,0.28264384093842804,0.8154628440394172,0.46006455479925845
2023-08-23 07:35:00,0.2792538192573282,0.8200177908351023,0.461686034559088
2023-08-23 07:40:00,0.2751181181306629,0.8239991131955398,0.46581397433464966
2023-08-23 07:45:00,0.2716967653804217,0.8274604119974545,0.47674080071308006
2023-08-23 07:50:00,0.2691652149937963,0.8304099786747937,0.4827223701217849
2023-08-23 07:55:00,0.26757986289524127,0.8329063005213706,0.489517058584038
2023-08-23 08:00:00,0.2653365583447168,0.8349964280773321,0.4970091120294719
2023-08-23 08:05:00,0.2639329264471819,0.8367243556981189,0.5223714038666019
2023-08-23 08:10:00,0.2631057862218489,0.838124016649077,0.5223714038666019
2023-08-23 08:15:00,0.26258882358101576,0.8391978871443987,0.5489895080577263
2023-08-23 08:20:00,0.2621940521098341,0.8399647934478848,0.5489895080577263
2023-08-23 08:25:00,0.2608079656110184,0.8404760945226435,0.5489895080577263
2023-08-23 08:30:00,0.25996202674420055,0.8407834732614721,0.5489895080577263
2023-08-23 08:35:00,0.25927274322308963,0.8409388762070777,0.5489895080577263
2023-08-23 08:40:00,0.2600936172345944,0.8409973635008914,0.5489895080577263
2023-08-23 08:45:00,0.2614721842768161,0.8409973635008914,0.5489895080577263
2023-08-23 08:50:00,0.2622034514305765,0.8409973635008914,0.6123244452284109
2023-08-23 08:55:00,0.2624916972666774,0.8409973635008914,0.6123244452284109
2023-08-23 09:00:00,0.26281754038574795,0.8409973635008914,0.6123244452284109
2023-08-23 09:05:00,0.2629459977692277,0.8409973635008914,0.6123244452284109
2023-08-23 09:10:00,0.2625888235810157,0.8409973635008914,0.6123244452284109
2023-08-23 09:15:00,0.26186820899076346,0.8409973635008914,0.6123244452284109
2023-08-23 09:20:00,0.2612397077437869,0.8409973635008914,0.6123244452284109
2023-08-23 09:25:00,0.2615655508628575,0.8409973635008914,0.6123244452284109
2023-08-23 09:30:00,0.2610360557943678,0.8409973635008914,0.6123244452284109
2023-08-23 09:35:00,0.256632787337235,0.8409973635008914,0.6123244452284109
2023-08-23 09:40:00,0.254467810459564,0.8409973635008914,0.6123244452284109
2023-08-23 09:45:00,0.2522997004749789,0.8409973635008914,0.6123244452284109
2023-08-23 09:50:00,0.2508365395460754,0.8409973635008914,0.6123244452284109
2023-08-23 09:55:00,0.2508622310227713,0.8409973635008914,0.6123244452284109
2023-08-23 10:00:00,0.25158911182685184,0.8409973635008914,0.6123244452284109
2023-08-23 10:05:00,0.2539351822841601,0.8409973635008914,0.6123244452284109
2023-08-23 10:10:00,0.2575626934693518,0.8409973635008914,0.6123244452284109
2023-08-23 10:15:00,0.2604764828995023,0.8409973635008914,0.6123244452284109
2023-08-23 10:20:00,0.2633213439775417,0.8409973635008914,0.6123244452284109
2023-08-23 10:25:00,0.2657401025152581,0.8409973635008914,0.6123244452284109
2023-08-23 10:30:00,0.26839133758600364,0.8409973635008914,0.6123244452284109
2023-08-23 10:35:00,0.2711440853207674,0.8409973635008914,0.6123244452284109
2023-08-23 10:40:00,0.2747527978644742,0.8409973635008914,0.6123244452284109
2023-08-23 10:45:00,0.27946248417781006,0.8409973635008914,0.6123244452284109
2023-08-23 10:50:00,0.2847912724173799,0.8409973635008914,0.6123244452284109
2023-08-23 10:55:00,0.2906244908701264,0.8409973635008914,0.6123244452284109
2023-08-23 11:00:00,0.2970235484315666,0.8409973635008914,0.6123244452284109
2023-08-23 11:05:00,0.3018228416026468,0.8409973635008914,0.6123244452284109
2023-08-23 11:10:00,0.3072080257666711,0.8409973635008914,0.6123244452284109
2023-08-23 11:15:00,0.31542365871692996,0.8409973635008914,0.6123244452284109
2023-08-23 11:20:00,0.32238792876568106,0.8409973635008914,0.6123244452284109
2023-08-23 11:25:00,0.32863471733109406,0.8409973635008914,0.6123244452284109
2023-08-23 11:30:00,0.33386324614941143,0.8409973635008914,0.6123244452284109
2023-08-23 11:35:00,0.337862970436003,0.8409973635008914,0.6123244452284109
2023-08-23 11:40:00,0.3399120223578508,0.8409973635008914,0.6123244452284109
2023-08-23 11:45:00,0.34141466043387253,0.8409973635008914,0.6123244452284109
2023-08-23 11:50:00,0.34219480405549346,0.8409973635008914,0.6123244452284109
2023-08-23 11:55:00,0.3446380008271401,0.8409973635008914,0.6123244452284109
2023-08-23 12:00:00,0.3467114909829182,0.8409973635008914,0.6123244452284109
2023-08-23 12:05:00,0.3489165716290901,0.8409973635008914,0.6123244452284109
2023-08-23 12:10:00,0.3509693832792349,0.8409973635008914,0.6123244452284109
2023-08-23 12:15:00,0.35271515045179386,0.8409973635008914,0.6123244452284109
2023-08-23 12:20:00,0.3533724762823805,0.8409973635008914,0.6123244452284109
2023-08-23 12:25:00,0.35409747722231255,0.8409973635008914,0.6123244452284109
2023-08-23 12:30:00,0.3541451004474075,0.8409973635008914,0.6123244452284109
2023-08-23 12:35:00,0.35447157018786085,0.8409973635008914,0.6123244452284109
2023-08-23 12:40:00,0.3548914065143557,0.8409973635008914,0.6123244452284109
2023-08-23 12:45:00,0.3556684170290625,0.8409973635008914,0.6123244452284109
2023-08-23 12:50:00,0.3560381236449311,0.8409973635008914,0.6123244452284109
2023-08-23 12:55:00,0.3559535297582493,0.8409973635008914,0.6123244452284109
2023-08-23 13:00:00,0.35558382314238074,0.8409973635008914,0.6123244452284109
2023-08-23 13:05:00,0.35584073790934023,0.8409973635008914,0.6123244452284109
2023-08-23 13:10:00,0.3561415161730977,0.8409973635008914,0.6123244452284109
2023-08-23 13:15:00,0.35679884200368434,0.8409973635008914,0.6123244452284109
2023-08-23 13:20:00,0.3584612685323271,0.8409973635008914,0.6123244452284109
2023-08-23 13:25:00,0.3600647926509842,0.8409973635008914,0.6123244452284109
2023-08-23 13:30:00,0.3612961036682413,0.8409973635008914,0.6123244452284109
2023-08-23 13:35:00,0.3611670196633787,0.8409973635008914,0.6123244452284109
2023-08-23 13:40:00,0.3623638665045803,0.8409973635008914,0.6123244452284109
2023-08-23 13:45:00,0.36457709322872905,0.8409973635008914,0.6123244452284109
2023-08-23 13:50:00,0.3665728823330364,0.8409973635008914,0.6123244452284109
2023-08-23 13:55:00,0.3688005213489903,0.8409973635008914,0.6123244452284109
2023-08-23 14:00:00,0.37116351058363495,0.8409973635008914,0.6123244452284109
2023-08-23 14:05:00,0.3730427481107363,0.8409973635008914,0.6123244452284109
2023-08-23 14:10:00,0.37471206747459024,0.8409973635008914,0.6123244452284109
2023-08-23 14:15:00,0.3757641647763586,0.8409973635008914,0.6123244452284109
2023-08-23 14:20:00,0.3769860764728733,0.8409973635008914,0.6123244452284109
2023-08-23 14:25:00,0.37796485907285077,0.8409973635008914,0.6123244452284109
2023-08-23 14:30:00,0.3790551802789716,0.8409973635008914,0.6123244452284109
2023-08-23 14:35:00,0.3796692692341431,0.8409973635008914,0.6123244452284109
2023-08-23 14:40:00,0.38044064015640444,0.8409973635008914,0.6123244452284109
2023-08-23 14:45:00,0.3816124221422929,0.8409973635008914,0.6123244452284109
2023-08-23 14:50:00,0.38326043637913076,0.8409973635008914,0.6123244452284109
2023-08-23 14:55:00,0.38415086536412946,0.8409973635008914,0.6123244452284109
2023-08-23 15:00:00,0.3855826952238916,0.8409973635008914,0.6123244452284109
2023-08-23 15:05:00,0.38669181507149736,0.8409973635008914,0.6123244452284109
2023-08-23 15:10:00,0.38734976752346684,0.8409973635008914,0.6123244452284109
2023-08-23 15:15:00,0.38839058564034423,0.8409973635008914,0.6123244452284109
2023-08-23 15:20:00,0.3880534633363827,0.8409973635008914,0.6123244452284109
2023-08-23 15:25:00,0.38741305628313244,0.8409973635008914,0.6123244452284109
2023-08-23 15:30:00,0.3878203601819707,0.8409973635008914,0.6123244452284109
2023-08-23 15:35:00,0.3887571591492986,0.8409973635008914,0.6123244452284109
2023-08-23 15:40:00,0.38922712518641966,0.8409973635008914,0.6123244452284109
2023-08-23 15:45:00,0.3901307132204578,0.8409973635008914,0.6123244452284109
2023-08-23 15:50:00,0.3905724812953516,0.8409973635008914,0.6123244452284109
2023-08-23 15:55:00,0.39186958755780565,0.8409973635008914,0.6123244452284109
2023-08-23 16:00:00,0.39254007243743166,0.8409973635008914,0.6123244452284109
2023-08-23 16:05:00,0.3943497549910392,0.8409973635008914,0.6121867708617439
2023-08-23 16:10:00,0.3967685135287555,0.8409973635008914,0.611372936158775
2023-08-23 16:15:00,0.400352787838532,0.8409973635008914,0.6099283686513537
2023-08-23 16:20:00,0.42916797212788077,0.8409973635008914,0.608089450347251
2023-08-23 16:25:00,0.4545630569097538,0.8409973635008914,0.6060684602370873
2023-08-23 16:30:00,0.47681876856365835,0.8409973635008914,0.6038558870613906
2023-08-23 16:35:00,0.5033605704761068,0.8409973635008914,0.6015928071402878
2023-08-23 16:36:00,0.5293703708345341,0.8409465736381712,0.5993859865329049
2023-08-23 16:39:49,0.5552792851503263,0.8407966175139435,0.5993859865329049
2023-08-23 16:40:00,0.5827729249432905,0.840499118729421,0.5993859865329049
2023-08-23 16:40:16,0.6099501209379266,0.8400041822307076,0.5973710680785969
2023-08-23 16:45:00,0.634961713433509,0.8392619129639073,0.5973710680785969
2023-08-23 16:47:00,0.6598116376123216,0.8382153247992982,0.5956535113464329
2023-08-23 16:50:00,0.683026079981953,0.8368074316071578,0.5956535113464329
2023-08-23 16:55:00,0.7082156329502585,0.8349812472577642,0.5942444047520229
2023-08-23 17:00:00,0.7361980374218287,0.8326797856213956,0.5932038868597991
2023-08-23 17:05:00,0.7653898211622571,0.8298460605683295,0.5926822574875389
2023-08-23 17:06:06,0.7953398167759074,0.8264311511065786,0.5928307882420836
2023-08-23 17:10:00,0.8234600779516997,0.822386136244155,0.5928307882420836
2023-08-23 17:15:00,0.8494435602120485,0.8176620949890706,0.5938015416800073
2023-08-23 17:20:00,0.8752202574160639,0.8122101063493382,0.5957559211540514
2023-08-23 17:25:00,0.8983595052197559,0.8059812493329698,0.598708186092566
2023-08-23 17:30:00,0.9214799543819632,0.7989266029479777,0.6027872783977043
2023-08-23 17:30:46,0.9191307508177408,0.790993957891117,0.6079466780901785
2023-08-23 17:35:00,0.9187923752710135,0.7821311048591431,0.6079466780901785
2023-08-23 17:40:00,0.9204811198977353,0.7722858345488108,0.6141492624126932
2023-08-23 17:44:00,0.9180592282531046,0.7614083993446303,0.6213145410633748
2023-08-23 17:45:00,0.91505144561553,0.7496014212192722,0.6213145410633748
2023-08-23 17:48:22,0.9120436629779552,0.7369515420752846,0.6293069314826454
2023-08-23 17:50:00,0.9061415161730977,0.7235454038152158,0.6293069314826454
2023-08-23 17:55:00,0.8999887208151091,0.7094742043069406,0.6381111143062688
2023-08-23 18:00:00,0.8968744125424534,0.6948291414183337,0.6475208156940871
2023-08-23 18:01:19,0.8937601042697979,0.6796946893516267,0.657382906928024
2023-08-23 18:05:00,0.89152933214693,0.6641553223090514,0.657382906928024
2023-08-23 18:10:00,0.88306305064354,0.6482955144928396,0.6677034713246135
2023-08-23 18:15:00,0.8729067712706625,0.6321997401052227,0.6783380046207909
2023-08-23 18:20:00,0.8607265048312506,0.615952473348433,0.6891763128144925
2023-08-23 18:25:00,0.8493683656461091,0.5996139930114986,0.7001046886796555
2023-08-23 18:30:00,0.8391180930658075,0.5832445778834485,0.7110396082605035
2023-08-23 18:35:00,0.8313743060168182,0.5669045067533115,0.7219919187547187
2023-08-23 18:40:00,0.8227657814595262,0.5506540584101158,0.732923417211161
2023-08-23 18:45:00,0.8161242214229315,0.5345535116428908,0.7436983025807651
2023-08-23 18:47:38,0.8095453235246197,0.5186921910019091,0.7541798020254006
2023-08-23 18:50:00,0.8034489240910855,0.5031692859712159,0.7541798020254006
2023-08-23 18:55:00,0.7982235283796821,0.4880839860348556,0.7642303517572049
2023-08-23 19:00:00,0.7935652250197384,0.47353548067687273,0.7737030471921482
2023-08-23 19:05:00,0.788624942037522,0.459615574318048,0.7825332952879002
2023-08-23 19:10:00,0.7855231661925229,0.4462637017910011,0.7905750222343441
2023-08-23 19:10:40,0.782421390347524,0.43344039209524593,0.7978576161028037
2023-08-23 19:15:00,0.7809425638840498,0.4211061742302964,0.7978576161028037
2023-08-23 19:15:08,0.7797143859737068,0.40925752350911315,0.804410464964603
2023-08-23 19:20:00,0.7780350406677277,0.39789091524465686,0.804410464964603
2023-08-23 19:25:00,0.7756570125198952,0.3819425222936356,0.8102629568910655
2023-08-23 19:30:00,0.7784479841590113,0.3671908938008672,0.8154628440394172
2023-08-23 19:35:00,0.7810854335593347,0.35821781445291656,0.8200177908351023
2023-08-23 19:40:00,0.7840925895755266,0.34993836234668185,0.8239991131955398
2023-08-23 19:45:00,0.7854254132568019,0.342414830900402,0.8274604119974545
2023-08-23 19:50:00,0.7866341659042773,0.3357095135323159,0.8304099786747937
2023-08-23 19:55:00,0.7882251575952778,0.3298847036606624,0.8329063005213706
2023-08-23 20:07:17,0.789878811424561,0.32499460357646837,0.8409973635008914
2023-08-23 20:08:52,0.7920086975047936,0.32111194033685525,0.8409973635008914
2023-08-23 20:21:53,0.7941385835850262,0.31821756730582995,0.8409973635008914
2023-08-23 20:26:10,0.7957859712004812,0.3163085872989521,0.8409973635008914
2023-08-23 20:27:00,0.7973205669670271,0.3153531834639725,0.8409973635008914
2023-08-23 20:32:00,0.7988551627335732,0.3153177622763225,0.8409973635008914
2023-08-23 20:33:00,0.8006717381223917,0.3162073375311775,0.8409973635008914
2023-08-23 20:36:11,0.801235697366937,0.3180625504472562,0.8409973635008914
2023-08-23 20:36:50,0.8019563119571893,0.32291883708451424,0.8409973635008914
2023-08-23 20:44:43,0.8026612610128708,0.3328939945530798,0.8409973635008914
2023-08-23 20:47:57,0.8032471520058151,0.34273684803962257,0.8409973635008914
2023-08-23 21:00:00,0.8035980599801988,0.3503375432334468,0.8409973635008914
2023-08-23 21:18:14,0.8025829333400175,0.358616927549637,0.8409973635008914
2023-08-23 21:19:00,0.8017369944731995,0.3674800956175614,0.8409973635008914
2023-08-23 21:30:00,0.8009787825999775,0.37683352761209077,0.8409973635008914
2023-08-23 21:40:04,0.8010727758074019,0.3865898394976817,0.8409973635008914
2023-08-23 21:48:00,0.8013735540711593,0.39663120091150933,0.8409973635008914
2023-08-23 21:49:11,0.8013735540711593,0.4068703398791243,0.8409973635008914
2023-08-23 21:56:47,0.8013735540711593,0.41722896403767784,0.8409973635008914
2023-08-23 22:00:00,0.8013735540711593,0.42760818342444473,0.8409973635008914
2023-08-23 22:12:44,0.8013735540711593,0.4380021721471855,0.8409973635008914
2023-08-23 22:26:00,0.8013735540711593,0.4533896647851471,0.8409973635008914
2023-08-23 22:31:00,0.8013735540711593,0.4685683499547408,0.8409973635008914
2023-08-23 22:40:22,0.8013735540711593,0.4784888918205283,0.8409973635008914
2023-08-23 22:59:06,0.8013735540711593,0.4881945317348323,0.8409973635008914
2023-08-23 23:00:55,0.8013735540711593,0.49756692942720376,0.8409973635008914
2023-08-23 23:07:00,0.8013735540711593,0.5065043341159823,0.8409973635008914
2023-08-23 23:17:48,0.8013735540711593,0.5149849248182713,0.8409973635008914
2023-08-23 23:43:22,0.8013735540711593,0.5230060499156084,0.8409973635008914
2023-08-23 23:49:33,0.8013735540711593,0.5306892674327139,0.8409973635008914
2023-08-23 23:53:13,0.8013735540711593,0.5380521033689478,0.8409973635008914
2023-08-23 23:57:21,0.8013735540711593,0.5450452344389237,0.8409973635008914
2023-08-23 23:58:36,0.8013735540711593,0.5516975889077305,0.8409973635008914
2023-08-23 23:58:41,0.8013735540711593,0.5580143825572066,0.8409973635008914
2023-08-24 04:00:00,0.8071510032208341,0.5639582283872293,0.8409973635008914
2023-08-24 04:05:00,0.8118506635920445,0.5695830783795215,0.8409973635008914
2023-08-24 04:10:00,0.8166192523153661,0.5748512093506781,0.8409973635008914
2023-08-24 04:15:00,0.8216134247365059,0.5797465060457652,0.8409973635008914
2023-08-24 04:20:00,0.8265950647299889,0.5842034974129107,0.8409973635008914
2023-08-24 04:25:00,0.8312007318937752,0.5881383047350259,0.8409973635008914
2023-08-24 04:30:00,0.8352048425300465,0.5916476037306264,0.8409973635008914
2023-08-24 04:35:00,0.8396601205619542,0.5946754953811856,0.8409973635008914
2023-08-24 04:40:00,0.8439023473237001,0.597145789902248,0.840499118729421
2023-08-24 04:45:00,0.848363891569436,0.5989860254677117,0.8392619129639073
2023-08-24 04:50:00,0.8528505006704847,0.600179791550554,0.8368074316071578
2023-08-24 04:55:00,0.8575250961863821,0.6007962502025797,0.8349812472577642
2023-08-24 05:00:00,0.8622247565575927,0.6008486867902303,0.8326797856213956
2023-08-24 05:05:00,0.8670998709159952,0.6003005892595272,0.8298460605683295
2023-08-24 05:10:00,0.8722005689722157,0.5990579374631898,0.822386136244155
2023-08-24 05:15:00,0.8775519155815672,0.5969591683564769,0.8176620949890706
2023-08-24 05:20:00,0.881769077488,0.5939817600311479,0.8122101063493382
2023-08-24 05:25:00,0.8849648465404231,0.5902333640661379,0.8059812493329698
2023-08-24 05:30:00,0.8876593184865837,0.5856884379434516,0.7989266029479777
2023-08-24 05:35:00,0.8904039201433708,0.5803842633218308,0.7821311048591431
2023-08-24 05:40:00,0.8871141578835235,0.5744007246419777,0.7722858345488108
2023-08-24 05:45:00,0.8856415976338775,0.5677263673627498,0.7496014212192722
2023-08-24 05:50:00,0.884400887295878,0.560441412108132,0.7235454038152158
2023-08-24 05:55:00,0.8833544295865551,0.552588289319214,0.7094742043069406
2023-08-24 06:00:00,0.8825648866441916,0.5442958347662132,0.6948291414183337
2023-08-24 06:05:00,0.8816186883561212,0.5356727733045571,0.6641553223090514
2023-08-24 06:10:00,0.8812176506711114,0.526699504124718,0.6482955144928396
2023-08-24 06:15:00,0.8804657050117177,0.5174511618185915,0.6321997401052227
2023-08-24 06:20:00,0.8791498001077788,0.5080196183993644,0.615952473348433
2023-08-24 06:25:00,0.8791623325354353,0.49855546243482873,0.5996139930114986
2023-08-24 06:30:00,0.8790370082588698,0.4891229063153443,0.5832445778834485
2023-08-24 06:35:00,0.8781158748261124,0.4797280924513908,0.5669045067533115
2023-08-24 06:40:00,0.8775205845124256,0.4704350760118109,0.5506540584101158
2023-08-24 06:45:00,0.8763738673818503,0.4613618827251994,0.5345535116428908
2023-08-24 06:50:00,0.8750328976225983,0.4526840464134521,0.5031692859712159
2023-08-24 06:55:00,0.8739613750579623,0.4445709453450177,0.4880839860348556
2023-08-24 07:00:00,0.8733472861027908,0.4370754436986881,0.47353548067687273
2023-08-24 07:05:00,0.8756219217224569,0.4301436902884338,0.459615574318048
2023-08-24 07:10:00,0.878755028636597,0.42382117450699053,0.4462637017910011
2023-08-24 07:15:00,0.881054729111576,0.418093332661362,0.4211061742302964
2023-08-24 07:20:00,0.883558081535974,0.4129314001312321,0.39789091524465686
2023-08-24 07:25:00,0.8848175905154585,0.4083370586235656,0.3819425222936356
2023-08-24 07:30:00,0.8857637888035288,0.40428143145695233,0.3671908938008672
2023-08-24 07:35:00,0.8861585602747105,0.40075093572001724,0.35821781445291656
2023-08-24 07:40:00,0.8859267103630643,0.397697011802978,0.34993836234668185
2023-08-24 07:45:00,0.8862713521236196,0.3950793825374427,0.342414830900402
2023-08-24 07:50:00,0.8865533317458925,0.3928918411815627,0.3357095135323159
2023-08-24 07:55:00,0.8869543694309023,0.3911062424156182,0.3298847036606624
2023-08-24 08:00:00,0.8869606356447306,0.38968945400356536,0.3503375432334468
2023-08-24 08:05:00,0.8853000889802362,0.38857836410566554,0.3503375432334468
2023-08-24 08:10:00,0.8815591593247525,0.38774370708771594,0.3503375432334468
2023-08-24 08:15:00,0.878576441542491,0.38717305108562894,0.3503375432334468
2023-08-24 08:20:00,0.8756250548293709,0.3868343206370287,0.3503375432334468
2023-08-24 08:25:00,0.8728804531725839,0.3866700041899386,0.3503375432334468
2023-08-24 08:30:00,0.8696721516925041,0.38660342082794763,0.3503375432334468
2023-08-24 08:35:00,0.8660502800997578,0.3865722245609458,0.3503375432334468
2023-08-24 08:40:00,0.8618832479039513,0.3865526687142027,0.3503375432334468
2023-08-24 08:45:00,0.8564065770180338,0.3865526687142027,0.3503375432334468
2023-08-24 08:50:00,0.8504756056295664,0.3865526687142027,0.3503375432334468
2023-08-24 08:55:00,0.8451430576616994,0.3865526687142027,0.3503375432334468
2023-08-24 09:00:00,0.8415869813141501,0.3865526687142027,0.3503375432334468
2023-08-24 09:05:00,0.8395379293923023,0.3865526687142027,0.37683352761209077
2023-08-24 09:10:00,0.8377520584512423,0.3865526687142027,0.37683352761209077
2023-08-24 09:15:00,0.8349134635870312,0.3865526687142027,0.37683352761209077
2023-08-24 09:20:00,0.8310096123720123,0.3865526687142027,0.37683352761209077
2023-08-24 09:25:00,0.8269491058112864,0.3865526687142027,0.37683352761209077
2023-08-24 09:30:00,0.8183117566703844,0.3865526687142027,0.37683352761209077
2023-08-24 09:35:00,0.8074467685135286,0.3865526687142027,0.42760818342444473
2023-08-24 09:40:00,0.7948403995337935,0.3865526687142027,0.42760818342444473
2023-08-24 09:45:00,0.7806154675222134,0.3865526687142027,0.42760818342444473
2023-08-24 09:50:00,0.769093153534771,0.3865526687142027,0.42760818342444473
2023-08-24 09:55:00,0.7566058426177733,0.3865526687142027,0.42760818342444473
2023-08-24 10:00:00,0.7473957615329663,0.3865526687142027,0.42760818342444473
2023-08-24 10:05:00,0.7370702943867254,0.3865526687142027,0.5639582283872293
2023-08-24 10:10:00,0.7284736756357072,0.3865526687142027,0.5639582283872293
2023-08-24 10:15:00,0.7181482084894663,0.3865526687142027,0.5639582283872293
2023-08-24 10:20:00,0.7082425776697201,0.3865526687142027,0.5639582283872293
2023-08-24 10:25:00,0.694543380998333,0.3865526687142027,0.5639582283872293
2023-08-24 10:30:00,0.6826231624327946,0.3865526687142027,0.5639582283872293
2023-08-24 10:35:00,0.6713264321431702,0.3865526687142027,0.5639582283872293
2023-08-24 10:40:00,0.6568464652287793,0.3865526687142027,0.5639582283872293
2023-08-24 10:45:00,0.6413895955785593,0.3865526687142027,0.5639582283872293
2023-08-24 10:50:00,0.6248380183725388,0.3865526687142027,0.5639582283872293
2023-08-24 10:55:00,0.6082620029325878,0.3865526687142027,0.5639582283872293
2023-08-24 11:00:00,0.5921722456857115,0.3865526687142027,0.5639582283872293
2023-08-24 11:05:00,0.576094394245109,0.3865526687142027,0.5639582283872293
2023-08-24 11:10:00,0.5664763826400809,0.3865526687142027,0.5639582283872293
2023-08-24 11:15:00,0.5594525835599612,0.3865526687142027,0.5639582283872293
2023-08-24 11:20:00,0.5540893311443358,0.3865526687142027,0.5639582283872293
2023-08-24 11:25:00,0.5515095309112326,0.3865526687142027,0.5639582283872293
2023-08-24 11:30:00,0.5488338576065567,0.3865526687142027,0.5639582283872293
2023-08-24 11:35:00,0.5454187710701437,0.3865526687142027,0.5639582283872293
2023-08-24 11:40:00,0.5387076560600551,0.3865526687142027,0.5639582283872293
2023-08-24 11:45:00,0.5335442958655519,0.3865526687142027,0.5639582283872293
2023-08-24 11:50:00,0.5265255097564947,0.3865526687142027,0.5639582283872293
2023-08-24 11:55:00,0.5217663203539156,0.3865526687142027,0.5639582283872293
2023-08-24 12:00:00,0.517806073214442,0.3865526687142027,0.5639582283872293
2023-08-24 12:05:00,0.5177941674081684,0.3865526687142027,0.5639582283872293
2023-08-24 12:10:00,0.5179896732796108,0.3865526687142027,0.5639582283872293
2023-08-24 12:15:00,0.5183217826125096,0.3865526687142027,0.5639582283872293
2023-08-24 12:20:00,0.5199008684972364,0.3865526687142027,0.5639582283872293
2023-08-24 12:25:00,0.521786372238166,0.3865526687142027,0.5639582283872293
2023-08-24 12:30:00,0.525249081999674,0.3865526687142027,0.5639582283872293
2023-08-24 12:35:00,0.5312922186156679,0.3865526687142027,0.5639582283872293
2023-08-24 12:40:00,0.5389545448848895,0.3865526687142027,0.5639582283872293
2023-08-24 12:45:00,0.5458536463098265,0.3865526687142027,0.5639582283872293
2023-08-24 12:50:00,0.5502243304550523,0.3865526687142027,0.5639582283872293
2023-08-24 12:55:00,0.5534138332936471,0.3865526687142027,0.5639582283872293
2023-08-24 13:00:00,0.5576554334340104,0.3865526687142027,0.5639582283872293
2023-08-24 13:05:00,0.5619227250510695,0.3865526687142027,0.5639582283872293
2023-08-24 13:10:00,0.5656103918890127,0.3865526687142027,0.5639582283872293
2023-08-24 13:15:00,0.5700844685624051,0.3865526687142027,0.5639582283872293
2023-08-24 13:20:00,0.5737063401551514,0.3865526687142027,0.5639582283872293
2023-08-24 13:25:00,0.57644467559811,0.3865526687142027,0.5639582283872293
2023-08-24 13:30:00,0.5799863396538543,0.3865526687142027,0.5639582283872293
2023-08-24 13:35:00,0.5841063752459488,0.3865526687142027,0.5639582283872293
2023-08-24 13:40:00,0.5878410386876041,0.3865526687142027,0.5639582283872293
2023-08-24 13:45:00,0.5907504417680747,0.3865526687142027,0.5639582283872293
2023-08-24 13:50:00,0.5915700625368139,0.3865526687142027,0.5639582283872293
2023-08-24 13:55:00,0.5917831138069755,0.3865526687142027,0.5639582283872293
2023-08-24 14:00:00,0.5929893599689193,0.3865526687142027,0.5639582283872293
2023-08-24 14:05:00,0.593941824470818,0.3865526687142027,0.5639582283872293
2023-08-24 14:10:00,0.5946311079919289,0.3865526687142027,0.5639582283872293
2023-08-24 14:15:00,0.5931303497800557,0.3865526687142027,0.5639582283872293
2023-08-24 14:20:00,0.5914954945922573,0.3865526687142027,0.5639582283872293
2023-08-24 14:25:00,0.5897816851102224,0.3865526687142027,0.5639582283872293
2023-08-24 14:30:00,0.5889764766332884,0.3865526687142027,0.5639582283872293
2023-08-24 14:35:00,0.588074141842016,0.3865526687142027,0.5639582283872293
2023-08-24 14:40:00,0.5858371035053198,0.3865526687142027,0.5639582283872293
2023-08-24 14:45:00,0.5820397779253818,0.3865526687142027,0.5639582283872293
2023-08-24 14:50:00,0.5774435100823379,0.3865526687142027,0.5639582283872293
2023-08-24 14:55:00,0.5746606845211983,0.3865526687142027,0.5639582283872293
2023-08-24 15:00:00,0.5721917962728558,0.3865526687142027,0.5639582283872293
2023-08-24 15:05:00,0.5693149775042922,0.3865526687142027,0.5639582283872293
2023-08-24 15:10:00,0.5658434950434246,0.3865526687142027,0.5639582283872293
2023-08-24 15:15:00,0.5604012883335628,0.3865526687142027,0.5639582283872293
2023-08-24 15:20:00,0.5546119333776144,0.3865526687142027,0.5639582283872293
2023-08-24 15:25:00,0.5480581003346157,0.3865526687142027,0.5639582283872293
2023-08-24 15:30:00,0.5416452571027532,0.3865526687142027,0.5639582283872293
2023-08-24 15:35:00,0.5350976902735827,0.3865526687142027,0.5639582283872293
2023-08-24 15:40:00,0.5269303071698017,0.3865526687142027,0.5639582283872293
2023-08-24 15:45:00,0.5193362826313084,0.3865526687142027,0.5639582283872293
2023-08-24 15:50:00,0.5111657664206132,0.3865526687142027,0.5639582283872293
2023-08-24 15:55:00,0.5025666411840636,0.3865526687142027,0.5639582283872293
2023-08-24 16:00:00,0.49343112804381317,0.3865526687142027,0.5639582283872293
2023-08-24 16:05:00,0.48451806549446685,0.3865526687142027,0.5695830783795215
2023-08-24 16:10:00,0.4760091737370445,0.3865526687142027,0.5748512093506781
2023-08-24 16:15:00,0.46745641848282415,0.3865526687142027,0.5797465060457652
2023-08-24 16:19:30,0.4604388856165326,0.3865397823801223,0.5842034974129107
2023-08-24 16:20:00,0.45395711403255906,0.38650112337788106,0.5842034974129107
2023-08-24 16:24:14,0.4484403393781409,0.3865089136991229,0.5881383047350259
2023-08-24 16:25:00,0.4421064504405147,0.3866353753354915,0.5881383047350259
2023-08-24 16:25:48,0.4359473888686976,0.38688714261997653,0.5916476037306264
2023-08-24 16:26:11,0.4308166129861014,0.38727676214588097,0.5916476037306264
2023-08-24 16:28:06,0.42603611845650613,0.3877923430848225,0.5916476037306264
2023-08-24 16:30:00,0.4219543067687641,0.38842199460841853,0.5916476037306264
2023-08-24 16:35:00,0.41821964332710876,0.38915382588828673,0.5946754953811856
2023-08-24 16:39:00,0.41536224982141273,0.3899989964899382,0.597145789902248
2023-08-24 16:40:00,0.4125017232088027,0.39096866597888424,0.597145789902248
2023-08-24 16:44:24,0.40980725126264195,0.392085239953041,0.5989860254677117
2023-08-24 16:45:00,0.40804331206998096,0.3933711240103246,0.5989860254677117
2023-08-24 16:45:58,0.4056276866391787,0.3948490927399431,0.600179791550554
2023-08-24 16:47:00,0.4033185868434573,0.3965520404210493,0.600179791550554
2023-08-24 16:50:00,0.40239745341070005,0.3985128613327957,0.600179791550554
2023-08-24 16:51:00,0.4014888524055994,0.4007429594208398,0.6007962502025797
2023-08-24 16:55:00,0.4007807702430036,0.4032537386308387,0.6007962502025797
2023-08-24 17:00:00,0.39863459200681745,0.4060566029084498,0.6008486867902303
2023-08-24 17:03:00,0.39722469389545434,0.40915181738587353,0.6003005892595272
2023-08-24 17:05:00,0.39565814043838415,0.41257830619755154,0.6003005892595272
2023-08-24 17:10:00,0.3938064742521272,0.41637499347792567,0.5990579374631898
2023-08-24 17:15:00,0.39178562029250663,0.4203254783842647,0.5969591683564769
2023-08-24 17:20:00,0.39002481420675983,0.4242133600738377,0.5939817600311479
2023-08-24 17:25:00,0.3882765405486695,0.4280190006798768,0.5902333640661379
2023-08-24 17:29:00,0.3865282668905792,0.4317197262112282,0.5856884379434516
2023-08-24 17:30:00,0.38546927675359977,0.4353661749417954,0.5856884379434516
2023-08-24 17:35:00,0.38468600002506464,0.43900898514548176,0.5803842633218308
2023-08-24 17:36:00,0.384291228553883,0.44267745951372994,0.5744007246419777
2023-08-24 17:40:00,0.38384006115824676,0.4463317495563013,0.5744007246419777
2023-08-24 17:45:00,0.38370220445402464,0.4499320067829572,0.5677263673627498
2023-08-24 17:50:00,0.38333876405198436,0.45340464460624447,0.560441412108132
2023-08-24 17:55:00,0.38257115285801996,0.4566760764387102,0.552588289319214
2023-08-24 17:58:31,0.3818035416640556,0.45969447847122574,0.5442958347662132
2023-08-24 18:00:00,0.38146203301041426,0.4623776678248289,0.5442958347662132
2023-08-24 18:05:00,0.38140563708595976,0.4655572752256045,0.5356727733045571
2023-08-24 18:06:00,0.38186933690925257,0.4678322954341527,0.526699504124718
2023-08-24 18:10:00,0.38327296880678746,0.468698827410104,0.526699504124718
2023-08-24 18:12:22,0.3846766007043223,0.46907614926853947,0.5174511618185915
2023-08-24 18:15:00,0.3862431541613925,0.46893106651725186,0.5174511618185915
2023-08-24 18:19:13,0.3880478237439373,0.46824291910256255,0.5080196183993644
2023-08-24 18:20:00,0.3908864186081485,0.4667126442267785,0.5080196183993644
2023-08-24 18:25:00,0.393443033850087,0.4650812812516058,0.49855546243482873
2023-08-24 18:29:00,0.3952163723634904,0.4639472711048393,0.4891229063153443
2023-08-24 18:30:00,0.3962502976451567,0.4626973787190646,0.4891229063153443
2023-08-24 18:31:53,0.3970649054428332,0.46131259452066703,0.4797280924513908
2023-08-24 18:35:00,0.39780118556765615,0.4598379156834146,0.4797280924513908
2023-08-24 18:40:00,0.39835887859837316,0.4583874905627562,0.4704350760118109
2023-08-24 18:45:00,0.3990105648365143,0.456467261608304,0.4613618827251994
2023-08-24 18:48:41,0.4003578008095947,0.4550517123409503,0.4526840464134521
2023-08-24 18:50:00,0.4014543882295438,0.4545180377845502,0.4526840464134521
2023-08-24 18:52:00,0.40212487310916983,0.45434104667433506,0.4445709453450177
2023-08-24 18:53:00,0.4023504568069879,0.454572116749082,0.4445709453450177
2023-08-24 18:55:00,0.4027044978882859,0.45575249642274107,0.4445709453450177
2023-08-24 18:59:48,0.4030585389695836,0.45782420233055454,0.4370754436986881
2023-08-24 19:00:00,0.402977078189816,0.4597986036831932,0.4370754436986881
2023-08-24 19:05:00,0.4022564635995637,0.4622129630178625,0.4301436902884338
2023-08-24 19:05:49,0.4015358490093114,0.46508410768142233,0.42382117450699053
2023-08-24 19:10:00,0.4008465654882006,0.46834375669500805,0.42382117450699053
2023-08-24 19:13:00,0.4001572819670896,0.4718893931308723,0.418093332661362
2023-08-24 19:15:00,0.3996058551502009,0.4756840877199224,0.418093332661362
2023-08-24 19:16:00,0.3990544283333122,0.47976244382122407,0.4129314001312321
2023-08-24 19:16:01,0.3985531312270497,0.4842185729899165,0.4129314001312321
2023-08-24 19:20:00,0.3978951787750803,0.4889650934633004,0.4129314001312321
2023-08-24 19:25:00,0.3972591580715098,0.49385061673129443,0.4083370586235656
2023-08-24 19:30:00,0.3973218202097926,0.49870070388992327,0.40428143145695233
2023-08-24 19:32:10,0.39738448234807544,0.5034310631573955,0.40075093572001724
2023-08-24 19:35:00,0.39731868710287854,0.5100677879199327,0.40075093572001724
2023-08-24 19:40:00,0.3969019838832978,0.5161725251692775,0.397697011802978
2023-08-24 19:44:35,0.3965072124121161,0.5199401539407164,0.3950793825374427
2023-08-24 19:45:00,0.39616257065156063,0.5235174888433003,0.3950793825374427
2023-08-24 19:50:00,0.39554221548256085,0.5269225654875547,0.3928918411815627
2023-08-24 19:55:00,0.3943829659243289,0.5301509705044133,0.3911062424156182
2023-08-24 20:00:00,0.39322371636609704,0.5332412931296865,0.38968945400356536
2023-08-24 20:10:27,0.3923715112854509,0.5362184777281046,0.3865526687142027
2023-08-24 20:23:00,0.39215219380146105,0.5391110487890682,0.3865526687142027
2023-08-24 20:26:00,0.3919328763174713,0.54181421239036,0.3865526687142027
2023-08-24 20:45:58,0.39160076698457236,0.5442266056160988,0.3865526687142027
2023-08-24 20:48:00,0.3912686576516735,0.5463184856336492,0.3865526687142027
2023-08-24 21:00:00,0.3902347323700073,0.5488080929553691,0.3865526687142027
2023-08-24 21:00:07,0.389200807088341,0.5505502528786065,0.3865526687142027
2023-08-24 21:02:00,0.38866817891293715,0.5511923971389835,0.3865526687142027
2023-08-24 21:48:00,0.3881919466619878,0.5515102567523232,0.3865526687142027
2023-08-24 22:53:00,0.3872520145877457,0.5515968107056884,0.3865526687142027
2023-08-24 23:00:08,0.3863120825135036,0.5515243463102847,0.3865526687142027
2023-08-24 23:08:00,0.38532202072863525,0.5513450237561613,0.3865526687142027
2023-08-24 23:11:00,0.3843319589437669,0.5511218865000969,0.3865526687142027
2023-08-24 23:33:01,0.3835988119258581,0.5509065239518236,0.3865526687142027
2023-08-25 04:00:00,0.38571679219981697,0.5506368860850557,0.3865526687142027
2023-08-25 04:05:00,0.38871830862356344,0.5502704185392926,0.3865526687142027
2023-08-25 04:10:00,0.39212712894614815,0.5497870867870681,0.3865526687142027
2023-08-25 04:15:00,0.3963254922110962,0.549174339294114,0.3865526687142027
2023-08-25 04:20:00,0.4018015364756306,0.5483206075806267,0.38650112337788106
2023-08-25 04:25:00,0.4073026455954782,0.5471910909453845,0.3866353753354915
2023-08-25 04:30:00,0.4136246287268306,0.5457402483131544,0.38842199460841853
2023-08-25 04:35:00,0.41936385397215287,0.5440876966010111,0.38915382588828673
2023-08-25 04:40:00,0.4252158710663842,0.5423427597070206,0.39096866597888424
2023-08-25 04:45:00,0.4303222087150501,0.5405770516864503,0.3933711240103246
2023-08-25 04:50:00,0.43531575451480703,0.5387861291291647,0.3985128613327957
2023-08-25 04:55:00,0.4404220921634729,0.5369042353954947,0.4032537386308387
2023-08-25 05:00:00,0.44476457834647143,0.5349768092826903,0.4060566029084498
2023-08-25 05:05:00,0.4490068051082175,0.5330761745662821,0.41257830619755154
2023-08-25 05:10:00,0.4539132505357612,0.5313244048113145,0.41637499347792567
2023-08-25 05:15:00,0.458881731480205,0.5297239370995348,0.4203254783842647
2023-08-25 05:20:00,0.4635124634993043,0.5281797553826877,0.4242133600738377
2023-08-25 05:25:00,0.46847467822991984,0.5266572249759869,0.4280190006798768
2023-08-25 05:30:00,0.473080345393706,0.5251062925170069,0.4353661749417954
2023-08-25 05:35:00,0.4778677327585125,0.5234426575278572,0.43900898514548176
2023-08-25 05:40:00,0.4796974671963704,0.5216904148236867,0.4463317495563013
2023-08-25 05:45:00,0.48009850488138045,0.519867160664382,0.4499320067829572
2023-08-25 05:50:00,0.47896432017846163,0.5179840044152466,0.45340464460624447
2023-08-25 05:55:00,0.47749175992881565,0.516052055441584,0.4566760764387102
2023-08-25 06:00:00,0.4753681400624113,0.5141714430978667,0.4623776678248289
2023-08-25 06:05:00,0.4731129297056132,0.5123652268693648,0.4655572752256045
2023-08-25 06:10:00,0.46985512513628996,0.5106672066153597,0.468698827410104
2023-08-25 06:15:00,0.4671299487423707,0.5090451806812208,0.46893106651725186
2023-08-25 06:20:00,0.4641415913676637,0.5074772404313265,0.4667126442267785
2023-08-25 06:25:00,0.46205556878422904,0.5059248478182673,0.4650812812516058
2023-08-25 06:30:00,0.4603517852443195,0.5044255222600371,0.4626973787190646
2023-08-25 06:35:00,0.45864800170441,0.5030419903987162,0.4598379156834146
2023-08-25 06:40:00,0.4575639467121174,0.5017959249882405,0.4583874905627562
2023-08-25 06:45:00,0.45662401463787533,0.5006216160316537,0.456467261608304
2023-08-25 06:50:00,0.4547880139861891,0.49940360374248477,0.4545180377845502
2023-08-25 06:55:00,0.4529839710250271,0.4981460648175598,0.45575249642274107
2023-08-25 07:00:00,0.4512043662977955,0.4969402460403104,0.4597986036831932
2023-08-25 07:05:00,0.4480656197912096,0.4958170128306989,0.4622129630178625
2023-08-25 07:10:00,0.44516436278871574,0.4947750613667896,0.46834375669500805
2023-08-25 07:15:00,0.44198739237777734,0.49384733494211164,0.4756840877199224
2023-08-25 07:20:00,0.43820259922549587,0.4930315191096775,0.4889650934633004
2023-08-25 07:25:00,0.43494416803478986,0.4923252994225,0.49385061673129443
2023-08-25 07:30:00,0.43369719148296204,0.4917263614335915,0.49870070388992327
2023-08-25 07:35:00,0.43269459727043713,0.4912323906959646,0.5100677879199327
2023-08-25 07:40:00,0.4309400573985186,0.4908130655923032,0.5161725251692775
2023-08-25 07:45:00,0.42894113518729704,0.4904637544616917,0.5235174888433003
2023-08-25 07:50:00,0.42672289549208564,0.49017624551854444,0.5269225654875547
2023-08-25 07:55:00,0.42492449212336914,0.48994571232909206,0.5301509705044133
2023-08-25 08:00:00,0.422822177383981,0.48976389745322885,0.5332412931296865
2023-08-25 08:05:00,0.4212681563545673,0.48963667204243694,0.5488080929553691
2023-08-25 08:10:00,0.4196953366836689,0.48954455475973074,0.5488080929553691
2023-08-25 08:15:00,0.4176400185479928,0.4894691059224387,0.5488080929553691
2023-08-25 08:20:00,0.4155408369155188,0.48939388021914165,0.5488080929553691
2023-08-25 08:25:00,0.41300928652889335,0.48933155992205124,0.5488080929553691
2023-08-25 08:30:00,0.4100954970987429,0.4893114105665509,0.5488080929553691
2023-08-25 08:35:00,0.4074887521461781,0.4893228188602577,0.5488080929553691
2023-08-25 08:40:00,0.4060412567518452,0.4893342345654125,0.5488080929553691
2023-08-25 08:45:00,0.405254846916396,0.4893342345654125,0.5488080929553691
2023-08-25 08:50:00,0.404095597358164,0.4893342345654125,0.5488080929553691
2023-08-25 08:55:00,0.4033311192711138,0.4893342345654125,0.5488080929553691
2023-08-25 09:00:00,0.4032151943152907,0.4893342345654125,0.5488080929553691
2023-08-25 09:05:00,0.4031963956738059,0.4893342345654125,0.5506368860850557
2023-08-25 09:10:00,0.40316506460466445,0.4893342345654125,0.5506368860850557
2023-08-25 09:15:00,0.40298961061747257,0.4893342345654125,0.5506368860850557
2023-08-25 09:20:00,0.4026136377877757,0.4893342345654125,0.5506368860850557
2023-08-25 09:25:00,0.40233165816550304,0.4893342345654125,0.5506368860850557
2023-08-25 09:30:00,0.3993552065970697,0.4893342345654125,0.5506368860850557
2023-08-25 09:35:00,0.39766959507726224,0.4893342345654125,0.5506368860850557
2023-08-25 09:40:00,0.39952188788490195,0.4893342345654125,0.5506368860850557
2023-08-25 09:45:00,0.40097815597859443,0.4893342345654125,0.5506368860850557
2023-08-25 09:50:00,0.4006021831488976,0.4893342345654125,0.5506368860850557
2023-08-25 09:55:00,0.40025754138834213,0.4893342345654125,0.5506368860850557
2023-08-25 10:00:00,0.4007588384946046,0.4893342345654125,0.5506368860850557
2023-08-25 10:05:00,0.39942413494918083,0.4893342345654125,0.5506368860850557
2023-08-25 10:10:00,0.40375408870452273,0.4893342345654125,0.5506368860850557
2023-08-25 10:15:00,0.40646109307834,0.4893342345654125,0.5506368860850557
2023-08-25 10:20:00,0.40691790006642165,0.4893342345654125,0.5506368860850557
2023-08-25 10:25:00,0.4070996202674418,0.4893342345654125,0.5506368860850557
2023-08-25 10:30:00,0.4071810810472094,0.4893342345654125,0.5506368860850557
2023-08-25 10:35:00,0.4055706640933413,0.4893342345654125,0.5506368860850557
2023-08-25 10:40:00,0.40162670910982146,0.4893342345654125,0.5506368860850557
2023-08-25 10:45:00,0.3941755542466129,0.4893342345654125,0.5506368860850557
2023-08-25 10:50:00,0.38576692191044304,0.4893342345654125,0.5506368860850557
2023-08-25 10:55:00,0.3745071622824055,0.4893342345654125,0.5506368860850557
2023-08-25 11:00:00,0.36513979923050865,0.4893342345654125,0.5506368860850557
2023-08-25 11:05:00,0.3581974609301566,0.4893342345654125,0.5506368860850557
2023-08-25 11:10:00,0.35300339628789473,0.4893342345654125,0.5506368860850557
2023-08-25 11:15:00,0.34485794493251265,0.4893342345654125,0.5506368860850557
2023-08-25 11:20:00,0.333591292469264,0.4893342345654125,0.5506368860850557
2023-08-25 11:25:00,0.3240960986552703,0.4893342345654125,0.5506368860850557
2023-08-25 11:30:00,0.31516737057135313,0.4893342345654125,0.5506368860850557
2023-08-25 11:35:00,0.3081561039188899,0.4893342345654125,0.5506368860850557
2023-08-25 11:40:00,0.30024876868898254,0.4893342345654125,0.5506368860850557
2023-08-25 11:45:00,0.2932688331056607,0.4893342345654125,0.5506368860850557
2023-08-25 11:50:00,0.2792889100547665,0.4893342345654125,0.5506368860850557
2023-08-25 11:55:00,0.2652507112152693,0.4893342345654125,0.5506368860850557
2023-08-25 12:00:00,0.23748966074718314,0.48938926063888666,0.5506368860850557
2023-08-25 12:00:51,0.21574448886493786,0.48958787526631803,0.5506368860850557
2023-08-25 12:05:00,0.21117265925582424,0.4897990438737959,0.5506368860850557
2023-08-25 12:08:08,0.21047397641397098,0.49006313595164974,0.5506368860850557
2023-08-25 12:10:00,0.20944631734613295,0.49029735104965877,0.5506368860850557
2023-08-25 12:15:00,0.20500419836326475,0.49059233498163934,0.5506368860850557
2023-08-25 12:18:00,0.20190931535347695,0.49092363688648033,0.5506368860850557
2023-08-25 12:18:46,0.200105272392315,0.49129140953883005,0.5506368860850557
2023-08-25 12:20:00,0.19939719022971927,0.4916958057133371,0.5506368860850557
2023-08-25 12:25:00,0.19707242489942717,0.4921369781846498,0.5506368860850557
2023-08-25 12:30:00,0.19566941962327514,0.4926150797274168,0.5506368860850557
2023-08-25 12:35:00,0.19410286616620495,0.49313026311628666,0.5506368860850557
2023-08-25 12:40:00,0.19202060331106727,0.4936826811259077,0.5506368860850557
2023-08-25 12:45:00,0.1915443710601179,0.4942724865309285,0.5506368860850557
2023-08-25 12:47:19,0.1930175579311467,0.4949113111543282,0.5506368860850557
2023-08-25 12:49:32,0.1957709322872932,0.4956565982639424,0.5506368860850557
2023-08-25 12:50:00,0.1957483739175114,0.49656579112760735,0.5506368860850557
2023-08-25 12:55:00,0.1966933189628161,0.4976577638376676,0.5506368860850557
2023-08-25 13:00:00,0.19782938352988338,0.4989154909145529,0.5506368860850557
2023-08-25 13:00:01,0.19896544809695066,0.5003503553542277,0.5506368860850557
2023-08-25 13:03:00,0.20010151266401793,0.5019745093621412,0.5506368860850557
2023-08-25 13:05:00,0.20095873071572673,0.5038128658784838,0.5506368860850557
2023-08-25 13:05:58,0.2011122529545196,0.5058628368256077,0.5506368860850557
2023-08-25 13:10:00,0.2030422468136301,0.5092341725562974,0.5506368860850557
2023-08-25 13:12:00,0.2061496622510745,0.5128005442967426,0.5506368860850557
2023-08-25 13:15:00,0.20803203288508998,0.5153046340325788,0.5506368860850557
2023-08-25 13:20:00,0.2085865928088928,0.5178844182705041,0.5506368860850557
2023-08-25 13:23:00,0.20808278921709905,0.5205184530232779,0.5506368860850557
2023-08-25 13:25:00,0.20755016104169516,0.5231852943036599,0.5506368860850557
2023-08-25 13:30:00,0.2066102289674531,0.5258634981244097,0.5506368860850557
2023-08-25 13:35:00,0.20384118907673585,0.5285316204982865,0.5506368860850557
2023-08-25 13:40:00,0.20284360783527355,0.5311682174380502,0.5506368860850557
2023-08-25 13:45:00,0.20145250836539524,0.5337518449564602,0.5506368860850557
2023-08-25 13:50:00,0.20035592094544613,0.5362266219212846,0.5506368860850557
2023-08-25 13:52:47,0.19925933352549705,0.538439773881662,0.5506368860850557
2023-08-25 13:55:00,0.19991603273470085,0.5402385263867313,0.5506368860850557
2023-08-25 14:00:00,0.19944387352273993,0.5418114894737676,0.5506368860850557
2023-08-25 14:05:00,0.19949932951512023,0.5421449390680153,0.5506368860850557
2023-08-25 14:10:00,0.2000639153810483,0.5415297101234452,0.5506368860850557
2023-08-25 14:11:33,0.20090734776233488,0.5402643855217857,0.5506368860850557
2023-08-25 14:15:00,0.20279034501773321,0.5384157145426445,0.5506368860850557
2023-08-25 14:20:00,0.2035579562116976,0.5361061962670018,0.5506368860850557
2023-08-25 14:25:00,0.205688468913313,0.5333443588998644,0.5506368860850557
2023-08-25 14:29:00,0.20781898161492843,0.5302401745939515,0.5506368860850557
2023-08-25 14:30:00,0.21101412404596873,0.5267890944001075,0.5506368860850557
2023-08-25 14:32:00,0.21553707718722173,0.5230901453434366,0.5506368860850557
2023-08-25 14:34:00,0.22006003032847463,0.5192022066351235,0.5506368860850557
2023-08-25 14:35:00,0.22301768325542315,0.515184157486353,0.5506368860850557
2023-08-25 14:35:53,0.22647600666725126,0.5110928984493274,0.5506368860850557
2023-08-25 14:38:10,0.2303479001917459,0.5069768482174973,0.5506368860850557
2023-08-25 14:40:00,0.2345055330668101,0.5008768638309478,0.5506368860850557
2023-08-25 14:45:00,0.23912999887208125,0.4950090809013902,0.5506368860850557
2023-08-25 14:50:00,0.24278320153396896,0.4914076820152814,0.5506368860850557
2023-08-25 14:55:00,0.24791585728071358,0.4881637726444442,0.5506368860850557
2023-08-25 15:00:00,0.2525472159211959,0.48539877819808924,0.5506368860850557
2023-08-25 15:05:00,0.2572180517087963,0.48322215756145576,0.5506368860850557
2023-08-25 15:10:00,0.2613800709335403,0.48156800141904527,0.5506368860850557
2023-08-25 15:12:50,0.2651943152908148,0.4804394013328748,0.5506368860850557
2023-08-25 15:15:00,0.26966776534282433,0.47977833702917544,0.5506368860850557
2023-08-25 15:16:00,0.27310165052072216,0.47942027604185194,0.5506368860850557
2023-08-25 15:20:00,0.2767329214342108,0.4791821026376849,0.5506368860850557
2023-08-25 15:20:37,0.27900129084004843,0.4790244136062327,0.5506368860850557
2023-08-25 15:22:00,0.28126966024588607,0.4789015202362177,0.5506368860850557
2023-08-25 15:25:00,0.2819940345644353,0.4788059075169871,0.5506368860850557
2023-08-25 15:30:00,0.2819883949719899,0.478616161601189,0.5506368860850557
2023-08-25 15:35:00,0.2820955472284535,0.47827930565602184,0.5506368860850557
2023-08-25 15:40:00,0.2840631383705336,0.477742362848684,0.5506368860850557
2023-08-25 15:45:00,0.28512588823581,0.476958292323321,0.5506368860850557
2023-08-25 15:50:00,0.2861786121589611,0.4759054988003336,0.5506368860850557
2023-08-25 15:55:00,0.2873441279310213,0.47455923505950903,0.5506368860850557
2023-08-25 16:00:00,0.2885848382690209,0.4728947538806342,0.5506368860850557
2023-08-25 16:02:41,0.2888166881806673,0.47087060728416874,0.5502704185392926
2023-08-25 16:05:00,0.28892948002957636,0.46852115889353996,0.5502704185392926
2023-08-25 16:10:00,0.287582244056496,0.46588077233217523,0.5497870867870681
2023-08-25 16:15:00,0.286711240334365,0.4629492471945199,0.549174339294114
2023-08-25 16:20:00,0.2856654092464249,0.4597263830750197,0.5483206075806267
2023-08-25 16:25:00,0.2847016655596354,0.4562812937028385,0.5471910909453845
2023-08-25 16:30:00,0.2839509731430074,0.45263227705376163,0.5457402483131544
2023-08-25 16:35:00,0.2823154913338261,0.44886299651760764,0.5440876966010111
2023-08-25 16:40:00,0.280705074379958,0.44515664391846227,0.5423427597070206
2023-08-25 16:45:00,0.2787562818793627,0.44169641108041136,0.5405770516864503
2023-08-25 16:50:00,0.27687015151705024,0.43853827459513733,0.5387861291291647
2023-08-25 16:50:52,0.27498402115473775,0.4356392524121794,0.5369042353954947
2023-08-25 16:55:00,0.274141215394834,0.43295636248107605,0.5369042353954947
2023-08-25 17:00:00,0.27406602082889464,0.4305359179523059,0.5349768092826903
2023-08-25 17:02:06,0.27387803441404623,0.4284083878815908,0.5330761745662821
2023-08-25 17:05:00,0.2729005050568344,0.4266042413246531,0.5330761745662821
2023-08-25 17:10:00,0.27288421290088094,0.4251480113602676,0.5313244048113145
2023-08-25 17:15:00,0.2728779466870527,0.42403878549095414,0.5297239370995348
2023-08-25 17:20:00,0.27275888862431535,0.4232788031598462,0.5281797553826877
2023-08-25 17:25:00,0.27266489541689115,0.4228703038100773,0.5266572249759869
2023-08-25 17:30:00,0.27261476570626486,0.4228311920177717,0.5251062925170069
2023-08-25 17:35:00,0.27215419898988624,0.42338182589421597,0.5234426575278572
2023-08-25 17:40:00,0.2717750930532753,0.4244238091285323,0.5216904148236867
2023-08-25 17:45:00,0.2712048675949018,0.425378917394965,0.519867160664382
2023-08-25 17:47:46,0.27052185028761916,0.4265128820848503,0.5179840044152466
2023-08-25 17:50:00,0.2695631195718922,0.4278479002873666,0.5179840044152466
2023-08-25 17:55:00,0.26884250498164,0.42938438062034806,0.516052055441584
2023-08-25 18:00:00,0.2676628902284661,0.4318977293299655,0.5141714430978667
2023-08-25 18:03:58,0.266298422167358,0.43447497163885884,0.5123652268693648
2023-08-25 18:04:00,0.26536788941385836,0.436276047385834,0.5123652268693648
2023-08-25 18:05:00,0.264355895880591,0.4382131710325036,0.5123652268693648
2023-08-25 18:10:00,0.26335643477498016,0.44031566730701577,0.5106672066153597
2023-08-25 18:15:00,0.26198100083967263,0.4425212332056588,0.5090451806812208
2023-08-25 18:20:00,0.2609470755580062,0.4447675657247211,0.5074772404313265
2023-08-25 18:25:00,0.25969383279235014,0.44699434051947334,0.5059248478182673
2023-08-25 18:30:00,0.25844685624052227,0.4491497151039381,0.5044255222600371
2023-08-25 18:35:00,0.25694923113556317,0.4511807963452668,0.5030419903987162
2023-08-25 18:40:00,0.2560280977028059,0.4530346911106104,0.5017959249882405
2023-08-25 18:45:00,0.25503490281102337,0.4546428411341294,0.5006216160316537
2023-08-25 18:50:00,0.2541826977303772,0.456024147090562,0.49940360374248477
2023-08-25 18:55:00,0.25367826751720063,0.45719750965464623,0.4981460648175598
2023-08-25 18:57:00,0.2529858508891756,0.45819019939759753,0.4969402460403104
2023-08-25 19:00:00,0.2528793252540948,0.4590294868906308,0.4969402460403104
2023-08-25 19:00:50,0.252772799619014,0.4596664515370355,0.4958170128306989
2023-08-25 19:05:00,0.2526349429147919,0.46004263499705517,0.4958170128306989
2023-08-25 19:10:00,0.2524391237326581,0.45991221638858915,0.4947750613667896
2023-08-25 19:13:00,0.2525252841727969,0.45898799671524626,0.49384733494211164
2023-08-25 19:15:00,0.2526474753424484,0.4578552350516035,0.49384733494211164
2023-08-25 19:20:00,0.25290752321632204,0.45632224383071074,0.4930315191096775
2023-08-25 19:25:00,0.2532145676939078,0.45436544219663466,0.4923252994225
2023-08-25 19:27:37,0.25347148246086737,0.45198918709261743,0.4917263614335915
2023-08-25 19:28:47,0.2541043700575237,0.4492880510658651,0.4917263614335915
2023-08-25 19:30:00,0.2546557968744124,0.44635660666358357,0.4917263614335915
2023-08-25 19:35:00,0.2552886844710687,0.44328942643297875,0.4912323906959646
2023-08-25 19:40:00,0.25585890992944227,0.4401810829212569,0.4908130655923032
2023-08-25 19:45:00,0.25659832316117936,0.43712614867562366,0.4904637544616917
2023-08-25 19:47:15,0.25699309463236103,0.43420859994782346,0.49017624551854444
2023-08-25 19:50:00,0.25708395473287116,0.43151763470059734,0.49017624551854444
2023-08-25 19:55:00,0.2573596681413155,0.42905499195610847,0.48994571232909206
2023-08-25 20:58:00,0.257594651159876,0.42683808970421405,0.48994571232909206
2023-08-25 21:08:00,0.2578296341784365,0.4248570579713582,0.48994571232909206
2023-08-25 21:53:00,0.25782336796460825,0.4230966682082479,0.48994571232909206
2023-08-25 21:57:00,0.25781710175078,0.4215606083514173,0.48994571232909206
2023-08-25 22:01:00,0.25790482874437587,0.4202587847399274,0.48994571232909206
2023-08-25 22:36:00,0.2579925557379718,0.4192711145236713,0.48994571232909206
