Date,1. open,2. high,3. low,4. close,5. adjusted close,6. volume,7. dividend amount
2023-09-14,65.9600,68.0400,65.7150,67.7800,67.7800,20369733,0.0000
2023-09-08,68.3500,68.4950,66.6050,68.2200,68.2200,14863459,0.0000
2023-09-01,68.6100,69.5800,67.7600,68.1400,68.1400,14645054,0.0000
2023-08-25,68.9800,69.2050,67.2600,68.2500,68.2500,20095943,0.0000
2023-08-18,70.0300,70.9050,68.1000,68.4600,68.4600,27715349,0.0000
2023-08-11,69.5000,71.5600,69.2900,70.3700,70.3700,22062883,0.4650
2023-08-04,71.7100,72.0700,68.6000,69.4000,68.9442,23346058,0.0000
2023-07-28,68.9600,71.8700,68.1150,71.3300,70.8616,25379864,0.0000
2023-07-21,66.8300,69.6500,66.5777,69.3400,68.8846,36735330,0.0000
2023-07-14,64.9700,68.9200,64.7301,67.3800,66.9375,34255061,0.0000
2023-07-07,67.0900,67.6450,64.5500,64.8500,64.4241,41129981,0.0000
2023-06-30,72.3100,72.3300,70.1250,71.5700,71.1000,19219911,0.0000
2023-06-23,74.5000,74.6250,71.9950,72.1200,71.6464,19246271,0.0000
2023-06-16,73.6400,75.7500,72.5200,75.2200,74.7260,25230744,0.0000
2023-06-09,72.8700,74.4750,72.5600,74.0600,73.5736,22021609,0.0000
2023-06-02,72.8400,73.4200,71.2300,72.5900,72.1133,20210738,0.0000
2023-05-26,74.7900,75.3200,71.4350,72.5200,72.0437,21246447,0.0000
2023-05-19,75.1900,75.6550,73.8850,74.7900,74.2988,16091441,0.0000
2023-05-12,75.2900,75.6200,74.2350,74.7300,74.2392,12901757,0.0000
2023-05-05,73.3500,75.4900,72.8700,75.2700,74.7757,16280406,0.0000
2023-04-28,75.6900,76.5600,72.8300,73.2200,72.7391,21641324,0.0000
2023-04-21,73.7600,75.9100,73.0050,75.6000,75.1035,25476709,0.0000
2023-04-14,72.2000,74.8300,71.1700,73.8600,73.3749,17805292,0.0000
2023-04-06,69.5300,72.7900,69.3600,72.3400,71.8649,19346069,0.0000
2023-03-31,68.9000,69.9300,68.3050,69.4100,68.9542,22364549,0.0000
2023-03-24,65.9200,68.0000,65.7890,67.9100,67.4640,19975813,0.0000
2023-03-17,64.9800,66.0200,63.8900,65.6100,65.1791,28322279,0.0000
2023-03-10,64.5400,65.3200,63.7700,64.1900,63.7684,18653060,0.0000
2023-03-03,66.9000,67.0650,64.2500,65.2000,64.7718,18515904,0.0000
2023-02-24,70.2700,70.2700,66.0850,66.3700,65.9341,17155978,0.9850
2023-02-17,68.5300,70.5800,67.6800,68.9700,67.5301,22639636,0.0000
2023-02-10,63.5800,68.9950,63.1900,68.8800,67.4420,28670833,0.0000
2023-02-03,66.3800,66.4200,62.5150,63.4400,62.1156,34106825,0.0000
2023-01-27,68.7100,69.1000,65.1900,65.5300,64.1620,32674548,0.0000
2023-01-20,71.6200,71.9400,68.5850,69.1500,67.7064,27579356,0.0000
2023-01-13,71.0500,72.1200,68.4300,71.0800,69.5961,28035003,0.0000
2023-01-06,68.6500,71.1900,68.6000,70.8000,69.3219,20772116,0.0000
2022-12-30,68.5000,68.5500,67.1250,67.8000,66.3846,10572871,0.0000
2022-12-23,67.8900,68.1700,67.1400,67.9800,66.5608,13932299,0.0000
2022-12-16,69.5200,70.8400,67.6550,67.9400,66.5217,24751801,0.0000
2022-12-09,68.6000,70.0000,67.8100,69.5500,68.0980,23066076,0.0000
2022-12-02,66.2500,68.8000,65.8800,68.4700,67.0406,19413493,0.0000
2022-11-25,65.5100,66.4300,65.1300,66.1700,64.7886,13560119,0.0000
2022-11-18,63.9600,65.2850,63.0500,65.0700,63.7116,28714767,0.0000
2022-11-11,61.0600,65.9200,60.8000,62.7700,61.4596,35960309,0.0000
2022-11-04,58.3700,61.3000,58.3600,60.9900,59.7167,27503986,0.0000
2022-10-28,55.0600,58.8500,55.0000,58.7100,57.4843,26630536,0.0000
2022-10-21,56.5100,56.7400,53.5200,54.9700,53.8224,25222372,0.0000
2022-10-14,54.8800,56.4998,53.9850,54.9700,53.8224,36570687,0.0000
2022-10-07,55.0700,57.1150,54.6950,55.4000,54.2434,39873458,0.0000
2022-09-30,53.7500,55.7200,52.6500,54.8400,53.6951,39608433,0.0000
2022-09-23,57.9700,58.0250,54.3250,54.5800,53.4406,30989105,0.0000
2022-09-16,61.6500,62.1800,57.5800,58.0500,56.8381,29069929,0.0000
2022-09-09,60.7900,61.2600,58.3700,60.8500,59.5797,33898698,0.0000
2022-09-02,66.3200,66.3300,60.4200,60.6900,59.4230,51530544,0.0000
2022-08-26,67.5000,68.2600,66.0900,66.3200,64.9355,23211561,0.0000
2022-08-19,67.2500,67.4000,66.1300,67.1700,65.7677,24444738,0.0000
2022-08-12,65.6800,67.1900,64.2600,66.6400,65.2488,32217362,0.4550
2022-08-05,66.5200,66.9400,64.7000,66.0300,64.1997,31292878,0.0000
2022-07-29,66.1850,67.6750,65.7800,66.2300,64.3942,25435791,0.0000
2022-07-22,67.9400,68.3900,63.9000,65.2500,63.4413,24616526,0.0000
2022-07-15,66.1300,67.5450,64.1100,67.3600,65.4928,33947579,0.0000
2022-07-08,64.7300,67.2400,64.5700,66.9800,65.1234,28873222,0.0000
2022-07-01,66.2600,67.5450,64.0650,65.9500,64.1219,31443733,0.0000
2022-06-24,62.4100,66.9300,62.0700,66.9000,65.0456,20908200,0.0000
2022-06-17,60.4300,61.6000,58.4100,61.0900,59.3966,48907198,0.0000
2022-06-10,64.2200,65.6350,61.1400,61.7900,60.0772,33715507,0.0000
2022-06-03,65.8900,66.9800,65.4950,65.7000,63.8788,20492453,0.0000
2022-05-27,66.4600,67.4000,66.2850,67.4000,65.5317,28123874,0.0000
2022-05-20,63.3500,66.3600,63.1500,66.2100,64.3747,34435030,0.0000
2022-05-13,63.2600,64.1400,60.3400,63.1400,61.3898,39363946,0.0000
2022-05-06,65.9600,67.2720,63.2000,64.3600,62.5760,37594262,0.0000
2022-04-29,64.9700,67.8000,64.8100,66.4000,64.5594,44438501,0.0000
2022-04-22,69.0000,69.1900,65.8029,65.8600,64.0344,32987161,0.0000
2022-04-14,70.9900,71.2800,68.0200,69.0500,67.1360,25256421,0.0000
2022-04-08,66.4500,71.7000,66.3700,71.1400,69.1680,33765682,0.0000
2022-04-01,65.1300,67.5500,64.7150,66.8100,64.9581,27906585,0.0000
2022-03-25,63.2100,66.0600,63.1650,65.1300,63.3246,40788159,0.0000
2022-03-18,61.5600,63.9050,60.2700,63.2300,61.4773,37833554,0.0000
2022-03-11,57.2050,61.0050,56.3600,60.3000,58.6285,42181143,0.0000
2022-03-04,60.8200,62.6400,57.1200,57.4700,55.8770,38522892,0.0000
2022-02-25,61.8000,61.9100,57.0500,60.5800,58.9008,34263208,0.9850
2022-02-18,57.3000,61.2700,56.6650,59.8600,57.2310,65416492,0.0000
2022-02-11,56.1900,60.1702,56.0200,58.0400,55.4909,44598806,0.0000
2022-02-04,58.0200,59.1500,55.6500,55.7200,53.2728,47516363,0.0000
2022-01-28,57.7300,60.1700,55.5000,59.3000,56.6956,36206353,0.0000
2022-01-21,59.3400,60.6200,58.9940,59.1000,56.5043,21129221,0.0000
2022-01-14,56.7600,58.9850,56.4700,58.8500,56.2653,22121239,0.0000
2022-01-07,58.2700,58.3700,56.1050,57.4800,54.9555,23563773,0.0000
2021-12-31,57.6200,58.8800,57.5300,58.2500,55.6917,10593313,0.0000
2021-12-23,56.5600,58.1500,56.0000,57.6400,55.1085,19173002,0.0000
2021-12-17,54.2900,57.1850,54.2800,56.0200,53.5596,25000113,0.0000
2021-12-10,55.3000,55.9000,53.6300,54.0200,51.6474,24715241,0.0000
2021-12-03,55.7400,56.2200,53.6400,54.2300,51.8482,29215158,0.0000
2021-11-26,56.6200,57.0800,56.0700,56.5800,54.0950,19881062,0.0000
2021-11-19,59.9200,60.3650,56.0800,56.6600,54.1715,33904836,0.0000
2021-11-12,63.6600,63.8700,58.4650,58.8000,56.2175,27265259,0.0000
2021-11-05,62.1900,64.2100,62.0450,63.0900,60.3191,19107010,0.0000
2021-10-29,61.9400,62.8600,61.3300,62.3800,59.6403,14609590,0.0000
2021-10-22,59.7800,62.0600,59.1250,61.7900,59.0762,17209637,0.0000
2021-10-15,61.0400,61.3400,59.6300,60.2200,57.5751,20054893,0.0000
2021-10-08,60.0500,61.1050,59.2250,60.6100,57.9480,24687882,0.0000
2021-10-01,59.4500,60.5500,57.1050,59.6800,57.0589,34503004,0.0000
2021-09-24,56.1700,61.2950,56.0800,60.3500,57.6994,48003633,0.0000
2021-09-17,56.6300,56.7300,55.1250,55.5600,53.1198,30068681,0.0000
2021-09-10,59.0100,59.0200,56.1400,56.2600,53.7891,18467357,0.0000
2021-09-03,58.6700,59.6200,58.1700,58.8300,56.2462,19643515,0.0000
2021-08-27,59.0900,59.3500,57.8600,58.6300,56.0550,24915555,0.0000
2021-08-20,58.0700,60.1900,58.0493,59.3900,56.7816,30585412,0.0000
2021-08-13,56.6600,58.6400,56.0000,58.4800,55.9116,38863211,0.4400
2021-08-06,57.0500,58.4300,56.2400,56.4400,53.5511,34542869,0.0000
2021-07-30,57.5200,58.6000,56.5800,57.2400,54.3101,64016315,0.0000
2021-07-23,56.4400,58.7200,56.0000,58.2300,55.2495,188896212,0.0000
2021-07-16,60.2900,60.9300,56.3950,56.7900,53.8832,97825950,0.0000
2021-07-09,60.4100,60.5550,58.8300,59.6300,56.5778,26397044,0.0000
2021-07-02,59.7800,60.8750,59.7100,60.7900,57.6784,25018534,0.0000
2021-06-25,58.2000,59.4200,57.6900,59.3500,56.3121,30790623,0.0000
2021-06-18,58.9600,59.3400,57.5700,58.3700,55.3823,38484284,0.0000
2021-06-11,56.6200,59.1500,55.9150,58.7700,55.7618,34176993,0.0000
2021-06-04,57.1400,57.1600,55.7300,56.8000,53.8927,23201443,0.0000
2021-05-28,57.5100,57.7157,56.2000,56.7700,53.8642,33723166,0.0000
2021-05-21,55.4900,57.7300,55.4300,57.4000,54.4620,40283723,0.0000
2021-05-14,54.5500,55.3800,53.3300,55.2100,52.3841,36697848,0.0000
2021-05-07,53.3700,54.0500,52.7400,53.8100,51.0557,32425318,0.0000
2021-04-30,52.4500,54.5601,50.6600,53.0700,50.3536,49387723,0.0000
2021-04-23,51.6400,53.1750,51.2500,52.2600,49.5851,57491403,0.0000
2021-04-16,49.8300,51.2900,48.9600,50.7400,48.1429,63557211,0.0000
2021-04-09,49.4100,50.1600,48.2600,49.9400,47.3838,39684325,0.0000
2021-04-01,50.5500,51.0600,49.3250,49.5300,46.9948,28384285,0.0000
2021-03-26,49.9800,51.2100,48.7600,50.6400,48.0480,43974071,0.0000
2021-03-19,48.5800,50.4650,48.1300,49.2100,46.6912,57007752,0.0000
2021-03-12,47.7500,50.2900,47.6600,48.4200,45.9416,61594506,0.0000
2021-03-05,48.4600,48.6800,46.4800,48.0600,45.6000,66847189,0.0000
2021-02-26,50.6700,50.8100,47.9800,48.3800,45.9036,58825037,0.9300
2021-02-19,51.0200,51.9800,50.5450,50.5900,47.1049,34989194,0.0000
2021-02-12,50.1000,51.7350,49.6000,51.6900,48.1291,51329695,0.0000
2021-02-05,51.2550,51.3000,49.6500,49.7300,46.3041,52128586,0.0000
2021-01-29,53.7300,54.6500,50.5100,50.6000,47.1142,60974634,0.0000
2021-01-22,52.5200,53.5400,51.9100,53.2500,49.5816,56625513,0.0000
2021-01-15,50.5800,51.8000,50.1000,51.3400,47.8032,53791723,0.0000
2021-01-08,50.9200,51.4400,49.8900,50.8600,47.3563,66341334,0.0000
2020-12-31,50.2300,50.7001,49.1200,49.9900,46.5462,57652719,0.0000
2020-12-24,49.4800,49.8350,48.1700,48.5200,45.1775,43484508,0.0000
2020-12-18,50.6700,51.8100,49.8900,50.2100,46.7510,136409752,0.0000
2020-12-11,54.3784,55.0600,53.6200,54.2700,50.5313,32679768,0.0000
2020-12-04,53.3000,54.1350,52.2500,53.7400,50.0379,45564431,0.0000
2020-11-27,54.5200,54.7100,51.4400,52.6100,48.9857,48431338,0.0000
2020-11-20,56.4900,56.7700,53.6700,55.3000,51.4904,27457210,0.0000
2020-11-13,54.7700,58.0800,53.8850,57.3800,53.4271,20104808,0.0000
2020-11-06,50.4700,56.3831,50.1500,55.5200,51.6952,27258962,0.0000
2020-10-30,52.8700,53.4900,49.7900,50.1600,46.7045,23286179,0.0000
2020-10-23,53.2300,53.3250,50.4700,52.0000,48.4177,25614483,0.0000
2020-10-16,55.1900,55.4500,52.2350,53.0300,49.3768,16096200,0.0000
2020-10-09,54.4600,54.8500,53.3300,54.7200,50.9503,18361499,0.0000
2020-10-02,55.0700,55.4500,54.1300,54.2200,50.4848,20348366,0.0000
2020-09-25,55.0900,56.5850,53.9200,55.5100,51.6859,22673658,0.0000
2020-09-18,54.2300,56.8000,53.3700,56.4500,52.5612,20136021,0.0000
2020-09-11,54.1400,54.9400,53.0400,53.7300,50.0285,27186650,0.0000
2020-09-04,55.8000,56.3400,52.5700,53.5800,49.8889,20574775,0.0000
2020-08-28,57.5000,57.9250,55.5200,55.6900,51.8535,21028063,0.0000
2020-08-21,55.9400,57.3500,55.2400,55.7100,51.8721,16411015,0.0000
2020-08-14,55.7000,57.1800,55.0502,55.1900,51.3880,18736418,0.4500
2020-08-07,56.6800,57.4880,54.9700,55.4100,51.1801,19575839,0.0000
2020-07-31,56.1600,57.9500,55.3500,55.7800,51.5218,30737939,0.0000
2020-07-24,62.6900,64.9400,54.8100,55.8000,51.5403,97463197,0.0000
2020-07-17,53.9300,61.4600,53.1200,61.1000,56.4357,69493436,0.0000
2020-07-10,53.8500,54.9900,53.4300,53.7600,49.6560,24787285,0.0000
2020-07-02,53.3700,54.0700,52.0400,53.8000,49.6930,19197769,0.0000
2020-06-26,53.3700,55.1900,52.0000,52.7000,48.6769,31721146,0.0000
2020-06-19,52.4400,54.2500,51.6900,53.0200,48.9725,26762522,0.0000
2020-06-12,52.8100,54.2600,50.9500,51.4700,47.5408,29506580,0.0000
2020-06-05,54.3200,55.2900,53.7400,53.8500,49.7392,26057912,0.0000
2020-05-29,54.5200,55.6100,50.8100,54.6000,50.4319,24662219,0.0000
2020-05-22,53.6400,57.4400,53.1700,55.2200,51.0046,38642193,0.0000
2020-05-15,53.0300,55.5900,52.5400,53.4100,49.3327,17453404,0.0000
2020-05-08,52.2200,54.7100,51.7600,53.2900,49.2219,18319498,0.0000
2020-05-01,51.6100,54.0000,50.6600,51.8600,47.9011,20707689,0.0000
2020-04-24,49.8200,51.2600,49.7900,51.1800,47.2730,14402350,0.0000
2020-04-17,45.4100,50.3100,45.3900,50.0300,46.2108,21134595,0.0000
2020-04-09,44.0200,44.9800,42.8400,44.6600,41.2507,20824260,0.0000
2020-04-03,42.8000,45.1100,42.8000,43.9600,40.6041,30784933,0.0000
2020-03-27,39.3600,43.1300,38.1400,42.4700,39.2279,31904617,0.0000
2020-03-20,36.8100,41.9800,36.1500,39.4200,36.4107,36952989,0.0000
2020-03-13,45.5400,46.9500,38.5800,42.2800,39.0524,37315979,0.0000
2020-03-06,44.4500,48.6900,44.3500,47.5200,43.8924,22915632,0.0000
2020-02-28,48.2500,48.7000,42.9600,43.8000,40.4564,22496549,0.9500
2020-02-21,48.9600,50.2500,48.5900,50.1700,45.3835,14302918,0.0000
2020-02-14,49.4900,49.9800,47.4000,47.8500,43.2848,15784550,0.0000
2020-02-07,48.6200,50.1000,48.4500,49.4000,44.6869,10519187,0.0000
2020-01-31,48.9100,50.1100,48.4700,48.7000,44.0537,18179293,0.0000
2020-01-24,50.4800,51.0400,49.2000,49.2800,44.5784,9915422,0.0000
2020-01-17,49.4800,51.5500,49.4200,51.3300,46.4328,12880170,0.0000
2020-01-10,50.0400,50.3000,49.7400,49.8500,45.0940,9571516,0.0000
2020-01-03,50.8300,50.8400,49.6800,50.0900,45.3111,8506242,0.0000
2019-12-27,50.4000,50.6600,49.6000,50.4400,45.6277,6595075,0.0000
2019-12-20,49.4800,51.2300,48.8500,50.4600,45.6458,17013021,0.0000
2019-12-13,47.6200,48.5900,47.4500,48.3600,43.7462,15054774,0.0000
2019-12-06,48.6700,48.6800,47.5000,47.6800,43.1310,21289547,0.0000
2019-11-29,48.7800,49.0000,48.3500,48.4800,43.8547,9360779,0.0000
2019-11-22,47.9900,48.3900,46.6700,47.9700,43.3934,10808385,0.0000
2019-11-15,46.4000,47.9700,46.3900,47.4400,42.9139,10358775,0.0000
2019-11-08,48.5200,48.5500,46.3100,47.2600,42.7511,18491536,0.0000
2019-11-01,47.6900,49.2200,47.1400,48.3900,43.7733,19069841,0.0000
2019-10-25,43.8700,47.7200,43.6500,47.6700,43.1220,17488582,0.0000
2019-10-18,43.9900,44.3600,43.6300,43.8700,39.6845,10661286,0.0000
2019-10-11,43.4100,44.1600,42.9000,43.5800,39.4222,17392076,0.0000
2019-10-04,44.7800,45.1600,42.2500,43.3100,39.1780,13609274,0.0000
2019-09-27,45.0800,46.2200,44.5600,45.2800,40.9600,16527730,0.0000
2019-09-20,43.0300,45.3300,42.4400,45.1800,40.8695,18551587,0.0000
2019-09-13,43.9900,44.0300,42.1900,42.7700,38.6895,25210731,0.0000
2019-09-06,45.1600,45.5300,44.5600,44.7400,40.4715,7504459,0.0000
2019-08-30,44.9800,45.5100,44.4700,45.0300,40.7339,12007259,0.0000
2019-08-23,44.5700,45.6900,44.3300,44.5800,40.3268,20911212,0.0000
2019-08-16,44.7900,44.8600,43.8000,44.3400,40.1097,12040826,0.0000
2019-08-09,43.8600,45.2800,43.1600,44.7700,40.4987,18274466,0.4500
2019-08-02,44.5600,44.7400,42.9700,44.2800,39.6512,19104466,0.0000
2019-07-26,40.4100,43.5400,39.8500,43.5100,38.9617,27420192,0.0000
2019-07-19,40.2600,40.7400,40.0600,40.1200,35.9260,11440398,0.0000
2019-07-12,40.7500,41.4100,39.8500,40.2100,36.0066,10953261,0.0000
2019-07-05,41.6500,42.1500,40.9000,40.9400,36.6603,10185516,0.0000
2019-06-28,41.5300,41.7000,40.7600,41.2800,36.9648,9048601,0.0000
2019-06-21,39.5600,42.0800,39.5500,41.3600,37.0364,14204635,0.0000
2019-06-14,39.1600,40.0100,39.0800,39.6700,35.5231,11312149,0.0000
2019-06-07,38.0400,39.2700,37.7600,39.0200,34.9410,12252404,0.0000
2019-05-31,38.5000,38.6500,37.1200,37.3800,33.4725,12677974,0.0000
2019-05-24,37.3400,39.3200,37.3300,39.0200,34.9410,18097616,0.0000
2019-05-17,37.2900,38.0600,37.1200,37.7800,33.8307,24097344,0.0000
2019-05-10,37.9200,38.7300,37.3900,37.6500,33.7142,21658808,0.0000
2019-05-03,38.5600,38.5700,36.8300,38.4100,34.3948,32817054,0.0000
2019-04-26,38.7800,39.1500,37.6575,37.9900,34.0187,24927842,0.0000
2019-04-18,39.7600,40.1000,38.3500,38.8000,34.7440,16178939,0.0000
2019-04-12,41.0800,41.0800,39.4700,39.5200,35.3888,26106001,0.0000
2019-04-05,41.4400,41.6600,40.4700,40.7000,36.4454,36988326,0.0000
2019-03-29,42.6000,43.2600,40.1400,40.4300,36.2036,48699448,0.0000
2019-03-22,42.5200,43.3000,42.4200,42.5900,38.1378,16368728,0.0000
2019-03-15,41.6500,42.5600,41.6400,42.5100,38.0662,23140206,0.0000
2019-03-08,41.7300,42.6100,41.3300,41.7700,37.4036,21529879,0.0000
2019-03-01,41.5000,42.5800,41.1300,41.7600,37.3946,24966781,0.9500
2019-02-22,39.9700,40.9850,39.9400,40.9400,35.8414,26899725,0.0000
2019-02-15,36.8000,41.0100,36.5500,40.9200,35.8239,30775258,0.0000
2019-02-08,36.8000,37.2600,36.5600,37.0100,32.4009,14798700,0.0000
2019-02-01,35.5600,36.8800,35.3000,36.6500,32.0857,21887583,0.0000
2019-01-25,36.4900,37.0300,35.5800,35.7500,31.2978,28151249,0.0000
2019-01-18,36.5400,36.8400,35.4200,36.5500,31.9982,39640528,0.0000
2019-01-11,39.0000,39.1400,36.8900,36.9500,32.3483,27128093,0.0000
2019-01-04,37.8200,39.3800,37.5900,39.1800,34.3006,13087094,0.0000
2018-12-28,37.8700,38.0950,36.4900,37.7700,33.0662,17176384,0.0000
2018-12-21,39.2000,39.2800,37.4900,37.5100,32.8386,19488418,0.0000
2018-12-14,38.8600,39.5000,38.1300,39.1500,34.2744,25016115,0.0000
2018-12-07,39.9500,40.3500,38.1200,38.1800,33.4252,21941317,0.0000
2018-11-30,40.1800,40.4500,39.2500,39.8200,34.8609,23615475,0.0000
2018-11-23,40.4500,40.9800,39.7400,40.2000,35.1936,14453881,0.0000
2018-11-16,41.1900,41.7800,39.9400,40.6700,35.6051,32873069,0.0000
2018-11-09,38.7200,41.2800,37.6700,40.9700,35.8677,21478670,0.0000
2018-11-02,38.4600,39.4200,37.6300,37.8500,33.1363,23526363,0.0000
2018-10-26,39.6700,39.7600,36.6700,37.9000,33.1800,24247015,0.0000
2018-10-19,37.3900,39.5100,37.2400,39.2100,34.3269,25023464,0.0000
2018-10-12,38.3900,38.5100,36.8800,37.1500,32.5234,19834739,0.0000
2018-10-05,39.5900,40.1600,38.8800,39.0600,34.1956,18950531,0.0000
2018-09-28,37.7000,39.7400,37.7000,39.5700,34.6421,23280178,0.0000
2018-09-21,37.4200,37.7700,37.2400,37.6800,32.9874,13146150,0.0000
2018-09-14,37.8300,38.0000,37.2700,37.4500,32.7861,23727586,0.0000
2018-09-07,37.8300,37.9500,36.8800,37.1800,32.5497,10151457,0.0000
2018-08-31,38.6600,39.0100,38.1500,38.3400,33.5652,15700243,0.0000
2018-08-24,38.6000,39.0800,38.1000,38.3000,33.5302,19776772,0.0000
2018-08-17,39.3800,39.4400,37.8500,38.1200,33.3726,28575257,0.0000
2018-08-10,37.9400,39.7600,37.9400,39.3800,34.4757,22649604,0.4500
2018-08-03,38.3300,39.2500,38.1800,38.6600,33.4652,24497337,0.0000
2018-07-27,37.1600,38.7300,37.0500,38.2300,33.0930,18402545,0.0000
2018-07-20,36.7300,37.3700,36.5800,37.1700,32.1754,14930331,0.0000
2018-07-13,35.3200,37.1800,35.1500,37.1600,32.1667,20510498,0.0000
2018-07-06,34.5200,35.2600,34.4000,35.1800,30.4528,12481843,0.0000
2018-06-29,35.2600,35.3200,34.3800,35.1100,30.3922,19424538,0.0000
2018-06-22,36.0800,36.1700,34.9200,35.0600,30.3489,16351106,0.0000
2018-06-15,36.3400,36.9600,36.0300,36.4100,31.5175,11398521,0.0000
2018-06-08,37.0200,37.0600,36.2800,36.4200,31.5262,11149082,0.0000
2018-06-01,36.4400,37.1700,36.2800,36.8100,31.8638,13846754,0.0000
2018-05-25,36.8900,37.3000,36.6100,37.0400,32.0629,29768714,0.0000
2018-05-18,36.4600,36.7400,35.4200,36.3300,31.4483,22099446,0.0000
2018-05-11,35.7700,36.5000,35.4800,36.4000,31.5089,17853296,0.0000
2018-05-04,35.5200,36.1500,35.4000,35.5800,30.7991,25367666,0.0000
2018-04-27,35.5800,35.6500,34.8900,35.5900,30.8077,15718719,0.0000
2018-04-20,35.9700,36.0400,35.2800,35.3400,30.5913,22562055,0.0000
2018-04-13,35.7600,36.7500,35.6500,36.3200,31.4396,23117965,0.0000
2018-04-06,34.8900,35.9000,34.4800,35.4200,30.6606,19695372,0.0000
2018-03-29,34.8700,35.5300,34.2900,34.9700,30.2710,16819400,0.0000
2018-03-23,34.8300,34.8700,34.1100,34.1700,29.5785,20018114,0.0000
2018-03-16,33.9800,34.6200,33.6500,34.5900,29.9421,15797892,0.0000
2018-03-09,33.3800,34.1300,33.3300,33.7900,29.2496,12703913,0.0000
2018-03-02,34.0300,34.2600,32.6900,33.1600,28.7042,19760673,0.0000
2018-02-23,33.5300,34.5400,33.4800,34.0100,29.4400,15911781,0.0000
2018-02-16,33.7900,34.4700,33.5800,33.9300,29.3708,20013839,0.9500
2018-02-09,35.3100,35.3300,32.8500,33.6100,28.3034,42637131,0.0000
2018-02-02,36.3700,36.3700,34.9400,35.9000,30.2318,23877348,0.0000
2018-01-26,35.6500,36.7000,35.6200,36.6300,30.8466,19835075,0.0000
2018-01-19,35.4800,35.5800,34.9200,35.4400,29.8445,13231068,0.0000
2018-01-12,35.7200,35.7700,35.0100,35.6500,30.0213,11518087,0.0000
2018-01-05,35.2400,35.9200,34.9500,35.8700,30.2066,17509880,0.0000
2017-12-29,33.4500,34.9500,33.4500,34.7000,29.2213,10821419,0.0000
2017-12-22,33.3000,33.7400,32.9400,33.6100,28.3034,12143851,0.0000
2017-12-15,32.8500,33.6600,32.8000,33.1300,27.8992,16560764,0.0000
2017-12-08,32.9600,33.0000,31.9900,32.7400,27.5708,15047378,0.0000
2017-12-01,34.0600,34.0800,32.6200,32.8500,27.6634,16212588,0.0000
2017-11-24,33.5100,34.0400,33.3000,33.8400,28.4971,5486066,0.0000
2017-11-17,32.8500,33.6900,32.6700,33.4600,28.1771,12000766,0.0000
2017-11-10,34.3300,34.3500,32.6100,32.9100,27.7139,20895861,0.0000
2017-11-03,33.5900,34.7900,33.5200,34.4800,29.0360,18070007,0.0000
2017-10-27,34.5700,34.7100,33.3500,33.4900,28.2023,16550251,0.0000
2017-10-20,34.9100,34.9400,34.4900,34.6200,29.1539,18462616,0.0000
2017-10-13,34.3800,34.7850,34.1900,34.6100,29.1455,16947168,0.0000
2017-10-06,33.8500,34.4000,33.8500,34.2600,28.8508,19002801,0.0000
2017-09-29,33.6400,34.0200,33.0300,33.8800,28.5308,20796203,0.0000
2017-09-22,32.4600,34.0700,32.2400,33.9500,28.5897,30476124,0.0000
2017-09-15,32.7300,33.4900,32.4500,32.5300,27.3939,32949670,0.0000
2017-09-08,30.4100,32.4200,29.9750,32.2500,27.1581,29562591,0.0000
2017-09-01,29.4300,30.2900,29.1400,30.1100,25.3560,12416312,0.0000
2017-08-25,29.0500,29.6600,28.7800,29.2400,24.6234,14312100,0.0000
2017-08-18,28.9800,29.5600,28.8800,29.1200,24.5223,15910729,0.0000
2017-08-11,30.0700,30.3100,28.8550,29.0800,24.4886,24175891,0.4400
2017-08-04,30.8200,30.8400,29.8700,30.1700,25.0328,32333113,0.0000
2017-07-28,33.6300,34.0500,28.4300,30.2700,25.1158,51813381,0.0000
2017-07-21,33.7300,34.0700,33.3000,34.0500,28.2521,19505964,0.0000
2017-07-14,33.7100,34.5000,32.2600,33.8700,28.1028,48890103,0.0000
2017-07-07,33.8400,34.1900,33.5000,33.7500,28.0032,11086128,0.0000
2017-06-30,35.3300,35.3300,33.8700,34.0900,28.2853,15764497,0.0000
2017-06-23,34.4400,35.6000,34.4400,35.0700,29.0984,19897660,0.0000
2017-06-16,34.0300,34.6050,33.8950,34.5400,28.6587,15124204,0.0000
2017-06-09,35.2400,35.2700,34.0100,34.1700,28.3517,22931277,0.0000
2017-06-02,33.9700,35.1900,33.9000,35.1100,29.1316,15577842,0.0000
2017-05-26,33.8300,34.4000,33.8100,33.8500,28.0862,17811294,0.0000
2017-05-19,33.9700,34.6900,33.8100,33.9000,28.1277,23486689,0.0000
2017-05-12,30.4600,34.0800,30.2100,34.0000,28.2106,12386226,0.0000
2017-05-05,30.3200,30.7400,30.2400,30.4600,25.2734,16660793,0.0000
2017-04-28,30.2000,31.0650,30.1300,30.2500,25.0992,19489292,0.0000
2017-04-21,30.1700,30.3400,29.6308,29.7600,24.6926,15884527,0.0000
2017-04-13,29.8800,30.2368,29.8301,30.1400,25.0079,11861023,0.0000
2017-04-07,31.0500,31.4000,30.1400,30.3000,25.1406,21952574,0.0000
2017-03-31,31.6500,31.8800,31.1300,31.1400,25.8376,17585740,0.0000
2017-03-24,30.7200,31.6000,30.3600,31.3100,25.9787,28751559,0.0000
2017-03-17,29.8800,30.9000,29.8147,30.6900,25.4642,24157186,0.0000
2017-03-10,29.7700,29.8155,29.0300,29.5500,24.5184,19646761,0.0000
2017-03-03,29.1200,29.9600,28.9500,29.9200,24.8254,26616909,0.0000
2017-02-24,28.9800,29.6300,28.6100,29.3500,24.3524,18343731,0.0000
2017-02-17,29.6000,29.7350,28.5200,29.1600,24.1948,23614490,0.9300
2017-02-10,27.7100,29.6250,27.7100,29.5300,23.7363,33715662,0.0000
2017-02-03,27.0400,27.9400,26.5100,27.9200,22.4422,48784307,0.0000
2017-01-27,27.1000,27.5800,26.6400,27.0500,21.7429,37350316,0.0000
2017-01-20,28.6900,28.6900,26.8650,27.0700,21.7590,27280270,0.0000
2017-01-13,28.3300,28.8100,27.9669,28.5800,22.9727,30349275,0.0000
2017-01-06,27.5300,28.7600,27.4450,28.4300,22.8522,21331288,0.0000
2016-12-30,27.3800,27.5700,27.1900,27.3200,21.9599,16092043,0.0000
2016-12-23,27.2800,27.4300,26.9150,27.3100,21.9519,56116756,0.0000
2016-12-16,26.8300,28.0100,26.7900,27.8600,22.3940,49211674,0.0000
2016-12-09,26.0300,27.4200,25.5500,27.1600,21.8313,40599924,0.0000
2016-12-02,26.7500,26.9800,25.7600,25.8900,20.8105,41179098,0.0000
2016-11-25,27.2400,27.4100,25.8800,27.1000,21.7831,41170068,0.0000
2016-11-18,27.5700,27.8500,27.0000,27.1200,21.7992,30333078,0.0000
2016-11-11,27.7400,29.1600,27.4000,27.9800,22.4904,46485960,0.0000
2016-11-04,28.5000,28.5900,27.6300,27.6600,22.2332,26667123,0.0000
2016-10-28,30.2400,30.2700,28.0000,28.6000,22.9888,50925412,0.0000
2016-10-21,30.3200,31.4100,30.2700,30.7200,24.6929,20925895,0.0000
2016-10-14,32.0200,32.1950,30.4000,30.5900,24.5884,20414930,0.0000
2016-10-07,32.8600,33.2700,32.0000,32.2900,25.9548,20353161,0.0000
2016-09-30,33.6700,34.0900,32.7700,32.8600,26.4130,27965626,0.0000
2016-09-23,33.6100,34.3400,33.1850,33.9700,27.3052,19044127,0.0000
2016-09-16,32.5300,34.1500,32.4700,33.8200,27.1847,27587456,0.0000
2016-09-09,33.1800,33.2850,32.1850,32.2000,25.8825,18813076,0.0000
2016-09-02,33.1100,33.4769,32.3600,33.3100,26.7747,22123985,0.0000
2016-08-26,33.5600,34.5100,32.7850,33.0500,26.5657,25148355,0.0000
2016-08-19,33.6500,33.7200,33.3142,33.5600,26.9757,17657069,0.0000
2016-08-12,34.1800,34.6200,33.3800,33.5400,26.9596,22906140,0.4400
2016-08-05,33.6600,35.0400,33.6600,34.2800,27.1977,41726124,0.0000
2016-07-29,31.0700,34.3500,30.7500,34.1400,27.0866,57455280,0.0000
2016-07-22,30.4800,31.2300,30.1700,31.1300,24.6985,40999490,0.0000
2016-07-15,29.9300,30.5000,29.8300,30.2400,23.9924,41606640,0.0000
2016-07-08,29.9800,30.4100,29.6800,30.1100,23.8892,16018681,0.0000
2016-07-01,27.9100,30.4600,27.5700,30.4200,24.1352,30590689,0.0000
2016-06-24,28.8900,29.3099,27.6100,27.8600,22.1041,30668768,0.0000
2016-06-17,27.6900,27.9100,26.9700,27.5800,21.8819,29436082,0.0000
2016-06-10,29.7700,30.0300,27.7501,27.9700,22.1914,19671020,0.0000
2016-06-03,30.0900,30.2000,29.3400,29.7300,23.5878,14527534,0.0000
2016-05-27,28.6900,30.0900,28.5400,29.8800,23.7068,21986517,0.0000
2016-05-20,28.4200,28.9400,28.1100,28.6900,22.7626,16502073,0.0000
2016-05-13,28.6300,29.0000,28.3700,28.5000,22.6119,17288427,0.0000
2016-05-06,29.1100,29.2900,27.7400,27.9600,22.1834,19511568,0.0000
2016-04-29,29.9700,30.0577,28.8800,28.9600,22.9768,19770203,0.0000
2016-04-22,29.6600,30.4100,29.6600,30.1000,23.8813,21491254,0.0000
2016-04-15,29.5200,29.8000,28.7700,29.7100,23.5719,13365087,0.0000
2016-04-08,28.7900,29.8700,28.1700,29.4500,23.3656,21534114,0.0000
2016-04-01,28.1300,28.6100,27.7000,28.2200,22.3897,13752743,0.0000
2016-03-24,28.2800,28.4700,27.6800,28.0000,22.2152,19040928,0.0000
2016-03-18,29.3300,29.4500,28.1800,28.4800,22.5960,32137675,0.0000
2016-03-11,28.5200,29.6300,28.4410,29.5700,23.4608,24059770,0.0000
2016-03-04,28.7400,29.0900,28.3600,28.8700,22.9054,24591189,0.0000
2016-02-26,29.3500,29.6500,28.6650,29.3700,23.3021,18415992,0.0000
2016-02-19,29.7600,30.4600,29.1700,29.5600,23.4529,19256357,0.9300
2016-02-12,29.0700,29.6800,28.2900,29.6600,22.8260,30391502,0.0000
2016-02-05,32.0200,32.8200,29.8143,30.0300,23.1108,42292090,0.0000
2016-01-29,31.8700,32.2400,30.9700,32.2200,24.7962,22478722,0.0000
2016-01-22,31.0600,31.6900,29.9600,31.4800,24.2267,20929722,0.0000
2016-01-15,31.8100,32.2100,30.2500,30.5900,23.5417,19954392,0.0000
2016-01-08,33.5000,33.9350,31.7000,31.7700,24.4499,19783012,0.0000
2015-12-31,33.9200,34.7400,33.8700,33.9500,26.1276,8005163,0.0000
2015-12-24,33.3000,34.2499,32.7800,34.1300,26.2661,8757895,0.0000
2015-12-18,33.0000,33.8600,32.5744,32.8000,25.2425,15838616,0.0000
2015-12-11,34.1300,34.2500,33.0700,33.2500,25.5888,16351796,0.0000
2015-12-04,34.1900,34.8800,33.4800,33.9200,26.1045,20174206,0.0000
2015-11-27,34.1500,34.3300,33.5500,34.0500,26.2045,13855244,0.0000
2015-11-20,32.0600,34.3500,32.0600,34.0800,26.2276,31471670,0.0000
2015-11-13,31.7100,32.1850,30.7400,31.2900,24.0805,12106261,0.0000
2015-11-06,31.8900,32.7800,31.6700,32.0900,24.6961,14194430,0.0000
2015-10-30,31.3300,32.2600,31.2100,31.8900,24.5422,10853170,0.0000
2015-10-23,32.2600,32.4370,30.2600,31.3600,24.1343,15012030,0.0000
2015-10-16,32.1800,32.3700,31.2000,32.3500,24.8962,12255992,0.0000
2015-10-09,32.1600,32.4500,31.3800,32.2300,24.8039,14237596,0.0000
2015-10-02,32.4300,32.4300,31.0200,32.1100,24.7115,12285088,0.0000
2015-09-25,34.2000,34.2500,31.9600,32.3600,24.9039,15815436,0.0000
2015-09-18,33.2300,34.4700,33.0100,34.3700,26.4508,16408541,0.0000
2015-09-11,32.8200,33.5450,32.3400,33.3000,25.6273,10467272,0.0000
2015-09-04,31.5500,32.6600,30.5400,31.7000,24.3960,11470308,0.0000
2015-08-28,30.6700,31.7100,29.5000,31.6700,24.3729,13795525,0.0000
2015-08-21,33.2600,34.0000,31.6200,31.6300,24.3421,6580463,0.0000
2015-08-14,33.6200,34.1700,32.9600,33.4600,25.7505,7826031,0.4400
2015-08-07,33.8500,34.6900,33.4300,33.6900,25.5901,11631400,0.0000
2015-07-31,32.6800,34.0200,32.3500,33.7900,25.6661,8519561,0.0000
2015-07-24,67.8200,67.9800,65.6300,65.7600,24.9749,4599953,0.0000
2015-07-17,67.3300,68.1300,67.0438,67.5200,25.6433,6909440,0.0000
2015-07-10,64.8100,66.5400,64.2000,66.4500,25.2369,7385435,0.0000
2015-07-02,64.8500,65.7700,63.2200,65.4100,24.8420,9342582,0.0000
2015-06-26,66.9500,67.9000,65.7900,66.3300,25.1914,8453360,0.0000
2015-06-19,65.1100,67.0700,64.6900,66.7000,25.3319,7644289,0.0000
2015-06-12,66.4600,66.9058,64.8800,65.6900,24.9483,5826793,0.0000
2015-06-05,67.3700,67.8100,66.2300,67.0200,25.4534,6671730,0.0000
2015-05-29,68.1500,68.9600,66.9201,67.5500,25.6547,7561618,0.0000
2015-05-22,68.8000,69.8700,68.2800,69.4500,26.3763,4592143,0.0000
2015-05-15,70.5500,70.6700,68.6500,69.2900,26.3155,5572166,0.0000
2015-05-08,68.7300,70.2700,66.7700,69.9200,26.5548,5580034,0.0000
2015-05-01,71.6900,71.8200,67.3900,67.8800,25.7800,7228137,0.0000
2015-04-24,71.6500,73.3800,71.0500,71.7900,27.2650,5980647,0.0000
2015-04-17,69.2000,72.6900,68.7632,71.3200,27.0865,6304844,0.0000
2015-04-10,68.9700,70.5300,68.8100,69.9100,26.5510,4632527,0.0000
2015-04-02,69.4700,70.1600,68.2400,68.8000,26.1294,4191377,0.0000
2015-03-27,72.4900,72.6000,69.5500,70.0700,26.6118,5288201,0.0000
2015-03-20,67.7700,73.0000,67.7100,72.7000,27.6106,8720802,0.0000
2015-03-13,65.9300,67.4500,64.2600,67.3500,25.5788,6519663,0.0000
2015-03-06,68.8500,68.9300,66.1500,66.2700,25.1686,5631802,0.0000
2015-02-27,69.0200,69.9800,68.6800,68.9000,26.1674,6730292,0.0000
2015-02-20,69.0700,70.1800,67.1400,68.5800,26.0459,7572830,1.8800
2015-02-13,67.3800,70.2500,67.3300,69.9600,25.8507,9116374,0.0000
2015-02-06,71.3000,71.8900,67.5200,67.6900,25.0119,13663512,0.0000
2015-01-30,71.0400,72.2200,70.4700,71.0400,26.2497,12655228,0.0000
2015-01-23,71.7200,72.0350,70.0200,70.6900,26.1204,6293050,0.0000
2015-01-16,70.7500,72.1200,70.0100,72.0500,26.6229,7024235,0.0000
2015-01-09,70.3100,70.3500,67.4630,69.4400,25.6585,9517148,0.0000
2015-01-02,70.6600,71.4850,70.3000,70.4000,26.0132,3335114,0.0000
2014-12-26,72.7200,72.7300,69.7600,70.9100,26.2017,3815286,0.0000
2014-12-19,70.4300,72.1450,69.3200,71.6900,26.4899,9314054,0.0000
2014-12-12,73.6300,74.6500,71.4250,71.8000,26.5305,14910170,0.0000
2014-12-05,74.3600,74.5100,72.5800,73.7200,27.2400,8133114,0.0000
2014-11-28,74.1900,75.0700,73.4200,74.1700,27.4063,4071989,0.0000
2014-11-21,71.7200,75.9350,71.6700,74.5600,27.5504,9121579,0.0000
2014-11-14,73.4000,74.8800,72.6400,72.8500,26.9185,6392868,0.0000
2014-11-07,72.4800,74.0500,72.1400,72.8800,26.9296,8216544,0.0000
2014-10-31,70.2200,73.1300,70.2000,72.9400,26.9518,8607937,0.0000
2014-10-24,67.1000,70.3200,67.0200,70.1200,25.9098,10363552,0.0000
2014-10-17,70.1100,70.4400,66.3800,67.8100,25.0562,18207987,0.0000
2014-10-10,70.4800,70.6400,67.1500,68.4100,25.2779,11879229,0.0000
2014-10-03,71.4200,72.3400,68.9200,69.8400,25.8063,7836172,0.0000
2014-09-26,74.5400,74.9500,70.4500,71.9600,26.5897,13765473,0.0000
2014-09-19,73.7800,75.0200,72.6500,74.7200,27.6095,7768600,0.0000
2014-09-12,73.2400,74.7700,72.4900,73.3000,27.0848,6871700,0.0000
2014-09-05,73.8300,75.6200,73.3500,74.7400,27.6169,5328700,0.0000
2014-08-29,73.5100,76.2400,73.3300,76.0100,28.0862,8788800,0.0000
2014-08-22,70.0100,73.6999,69.8800,73.0500,26.9924,10664100,0.0000
2014-08-15,70.1700,70.1900,68.0000,68.5400,25.3260,11012000,0.9000
2014-08-08,73.4800,73.8900,67.4800,68.4900,24.9793,27743900,0.0000
2014-08-01,74.5700,74.5800,72.5700,72.5900,26.4746,18653000,0.0000
2014-07-25,74.6300,75.5500,74.2400,74.4800,27.1639,8216500,0.0000
2014-07-18,74.6900,75.8900,72.9000,74.5200,27.1785,9452500,0.0000
2014-07-11,76.0600,76.5700,74.0800,74.5100,27.1749,7519500,0.0000
2014-07-03,74.1500,76.3300,73.6100,75.6400,27.5870,6143200,0.0000
2014-06-27,74.4400,74.7300,73.4900,74.1000,27.0253,9348300,0.0000
2014-06-20,73.8700,76.1500,73.5800,75.4700,27.5250,12213500,0.0000
2014-06-13,72.5400,74.7500,72.3100,74.2400,27.0764,19432900,0.0000
2014-06-06,72.7400,73.5700,72.0000,72.8600,26.5731,19987500,0.0000
2014-05-30,71.0300,72.5000,70.7700,72.2000,26.3324,17170900,0.0000
2014-05-23,71.3500,75.2350,69.7800,72.2800,26.3616,65570900,0.0000
2014-05-16,78.0600,81.1900,76.8300,80.2800,29.2793,30236900,0.0000
2014-05-09,79.6200,80.4700,72.7900,77.2400,28.1705,42165400,0.0000
2014-05-02,79.6900,82.6800,73.8500,81.0200,29.5492,71700300,0.0000
2014-04-25,67.5800,70.7100,66.5500,68.6600,25.0413,30177400,0.0000
2014-04-17,62.8300,63.7500,61.7950,63.4900,23.1557,6223800,0.0000
2014-04-11,64.1300,64.8100,62.5400,62.6000,22.8311,9834000,0.0000
2014-04-04,65.0100,65.9800,64.1900,64.4200,23.4949,5565200,0.0000
2014-03-28,64.4900,65.9100,63.5700,65.2000,23.7794,7580500,0.0000
2014-03-21,65.6300,66.5500,64.1400,64.1400,23.3928,10126000,0.0000
2014-03-14,66.2100,66.9200,64.9400,65.3000,23.8158,11008600,0.0000
2014-03-07,66.5200,68.2300,66.4100,66.9400,24.4140,8711200,0.0000
2014-02-28,67.2300,68.7600,67.2000,67.7600,24.7130,14517000,0.0000
2014-02-21,68.0100,68.3500,65.7000,66.6100,24.2936,17173000,1.9000
2014-02-14,64.0000,68.0000,63.8500,67.4000,23.8917,12738900,0.0000
2014-02-07,63.5800,63.7700,61.7500,63.7600,22.6014,10464100,0.0000
2014-01-31,64.3200,64.3700,62.9500,63.5000,22.5092,10111500,0.0000
2014-01-24,65.0000,65.8200,63.9199,64.2100,22.7609,17988700,0.0000
2014-01-17,59.8200,63.7700,59.5600,63.7300,22.5907,12235100,0.0000
2014-01-10,58.9000,60.5900,58.2901,60.4800,21.4387,8951200,0.0000
2014-01-03,59.3800,59.6700,58.3500,58.8600,20.8644,4574100,0.0000
2013-12-27,58.8600,59.4900,58.5300,59.2600,21.0062,4479600,0.0000
2013-12-20,57.6300,59.3000,57.2500,58.3200,20.6730,19946900,0.0000
2013-12-13,56.7400,57.4000,56.1150,57.3300,20.3221,8636400,0.0000
2013-12-06,57.3600,57.8900,56.1500,57.1200,20.2476,14913200,0.0000
2013-11-29,55.4800,57.6150,55.2300,57.1900,20.2725,6640300,0.0000
2013-11-22,53.5500,56.0000,53.1250,55.9800,19.8435,8163600,0.0000
2013-11-15,52.5400,53.3600,52.0800,53.2700,18.8829,10441800,0.0000
2013-11-08,52.6900,53.2400,52.3400,52.6000,18.6454,4913400,0.0000
2013-11-01,53.0400,53.7300,52.3950,52.6900,18.6773,7839700,0.0000
2013-10-25,51.3100,52.7400,51.1950,52.7400,18.6950,4795900,0.0000
2013-10-18,50.9500,51.3400,50.2700,51.1200,18.1208,4521900,0.0000
2013-10-11,50.9300,51.3400,49.6300,50.9600,18.0641,7675900,0.0000
2013-10-04,51.8400,52.2400,51.2000,51.3200,18.1917,5934400,0.0000
2013-09-27,51.7600,52.0000,51.4200,51.7700,18.3512,5165900,0.0000
2013-09-20,51.8500,52.3400,51.1700,51.9500,18.4150,6821200,0.0000
2013-09-13,48.8700,52.3400,48.8200,50.6500,17.9542,8660000,0.0000
2013-09-06,49.3300,49.4900,48.5350,48.8800,17.3268,5846000,0.0000
2013-08-30,50.8000,50.8500,49.1000,49.2100,17.4437,6016100,0.0000
2013-08-23,49.9200,50.7300,49.8200,50.6700,17.9613,6741500,0.0000
2013-08-16,50.6300,51.4800,49.1600,49.9900,17.7202,11642200,0.9000
2013-08-09,50.6700,50.7700,49.9410,50.7500,17.6730,8269500,0.0000
2013-08-02,50.3300,51.3200,50.1800,51.1900,17.8262,6970900,0.0000
2013-07-26,50.2000,50.8600,49.8700,50.5500,17.6033,8304800,0.0000
2013-07-19,49.2200,50.3800,49.0300,50.0000,17.4118,7965900,0.0000
2013-07-12,48.3800,49.5900,48.3100,49.5800,17.2655,6879700,0.0000
2013-07-05,47.9700,48.3500,47.5100,48.0400,16.7293,6264700,0.0000
2013-06-28,46.9700,48.4400,46.8700,47.3000,16.4716,10891900,0.0000
2013-06-21,51.1900,51.3600,47.8900,48.1500,16.7676,11621500,0.0000
2013-06-14,51.8000,51.8100,50.5900,50.8000,17.6904,10438900,0.0000
2013-06-07,51.2600,51.7300,50.5700,51.4500,17.9167,9722200,0.0000
2013-05-31,53.2000,53.4500,51.2500,51.2500,17.8471,6396800,0.0000
2013-05-24,51.5200,52.7200,51.0000,52.1700,18.1675,10864400,0.0000
2013-05-17,51.1500,52.1100,50.9200,51.5600,17.9550,9707700,0.0000
2013-05-10,51.9100,51.9100,51.1100,51.5400,17.9481,6064700,0.0000
2013-05-03,51.9500,52.2700,51.2600,52.0300,18.1187,6343600,0.0000
2013-04-26,51.3800,51.9400,51.0000,51.5500,17.9516,10253200,0.0000
2013-04-19,51.0400,51.3900,50.2100,51.2200,17.8366,11362800,0.0000
2013-04-12,50.5400,51.3400,50.3100,51.3200,17.8715,12018000,0.0000
2013-04-05,49.8100,50.6900,49.4400,50.4300,17.5615,10538700,0.0000
2013-03-28,49.2500,50.1200,48.8200,49.9800,17.4048,11262400,0.0000
2013-03-22,46.0800,49.6200,46.0100,49.1500,17.1158,15288600,0.0000
2013-03-15,45.4500,46.6250,45.3500,46.4600,16.1790,8616300,0.0000
2013-03-08,45.3500,46.2200,45.2600,45.6500,15.8970,7432100,0.0000
2013-03-01,45.1800,45.8100,44.6200,45.4500,15.8273,10327700,0.0000
2013-02-22,45.2800,45.6700,44.4600,45.1800,15.7333,7411800,0.0000
2013-02-15,47.4800,47.5200,45.3000,45.6600,15.9005,11654300,1.9000
2013-02-08,47.9100,48.3300,47.3348,47.4300,15.8598,10701700,0.0000
2013-02-01,49.4300,50.1400,47.6928,48.4200,16.1908,12919600,0.0000
2013-01-25,48.9500,50.0200,48.6900,50.0200,16.7258,7386800,0.0000
2013-01-18,48.6400,49.2800,48.4500,48.9900,16.3814,6268000,0.0000
2013-01-11,47.9900,48.8300,47.7400,48.7100,16.2878,5720900,0.0000
2013-01-04,46.7500,48.2400,46.7224,48.1500,16.1005,4262300,0.0000
2012-12-28,47.3100,47.4800,46.8600,46.8800,15.6758,2983500,0.0000
2012-12-21,47.2900,48.1200,47.2600,47.4700,15.8731,5747900,0.0000
2012-12-14,48.2900,49.2700,46.9300,47.4600,15.8698,8377600,0.0000
2012-12-07,47.8800,48.4300,47.7000,48.2000,16.1172,6079000,0.0000
2012-11-30,46.2000,47.6300,46.0100,47.5400,15.8965,4194200,0.0000
2012-11-23,44.5000,46.5000,44.5000,46.4600,15.5354,3466400,0.0000
2012-11-16,45.3800,45.8100,44.1700,44.3400,14.8265,5374400,0.0000
2012-11-09,46.3700,46.7400,45.2500,45.4400,15.1943,5614700,0.0000
2012-11-02,46.9000,46.9400,46.3300,46.3500,15.4986,2407100,0.0000
2012-10-26,47.1700,47.2100,46.0700,46.6100,15.5856,4183600,0.0000
2012-10-19,46.3300,47.8100,46.2100,47.0500,15.7327,5011300,0.0000
2012-10-12,46.6700,46.9200,45.7700,46.1300,15.4251,7662800,0.0000
2012-10-05,46.7800,47.5400,46.6800,47.2400,15.7962,12955300,0.0000
2012-09-28,48.0900,48.5100,47.6900,47.8600,16.0035,5491800,0.0000
2012-09-21,46.9000,48.2300,46.9000,47.9600,16.0370,6427200,0.0000
2012-09-14,46.4600,47.5500,46.3600,46.9600,15.7026,7056400,0.0000
2012-09-07,46.3400,47.0700,46.0900,46.7900,15.6458,5406100,0.0000
2012-08-31,47.1800,47.2700,46.5700,46.7900,15.6458,5901500,0.0000
2012-08-24,46.8600,47.4500,46.7000,47.2800,15.8096,4450400,0.0000
2012-08-17,46.9700,47.8200,46.9100,47.2800,15.8096,5347900,0.0000
2012-08-10,47.9800,48.3500,46.4900,47.1600,15.7695,6624600,0.9000
2012-08-03,46.8200,48.3900,46.7200,48.2100,15.8189,8962400,0.0000
2012-07-27,45.7500,46.6100,44.9300,46.5800,15.2840,12327300,0.0000
2012-07-20,45.8800,47.4300,45.7100,46.8500,15.3726,8728200,0.0000
2012-07-13,45.3900,45.7900,44.7100,45.7100,14.9986,7353400,0.0000
2012-07-06,44.8300,46.1400,44.7500,45.2800,14.8575,10655900,0.0000
2012-06-29,43.0200,45.0500,42.6800,44.7500,14.6836,10364000,0.0000
2012-06-22,41.6200,43.7300,41.5800,43.3200,14.2144,7228500,0.0000
2012-06-15,41.8300,42.1900,41.0200,41.7900,13.7123,5856500,0.0000
2012-06-08,40.0000,41.4700,39.7200,41.2900,13.5483,5131900,0.0000
2012-06-01,41.3100,41.3500,39.7300,40.0800,13.1512,4946900,0.0000
2012-05-25,41.7500,42.2400,40.7600,41.2300,13.5286,5853300,0.0000
2012-05-18,42.8200,43.1224,41.2600,41.4600,13.6040,8673600,0.0000
2012-05-11,43.7400,44.1500,42.9600,43.4500,14.2570,6137600,0.0000
2012-05-04,43.7300,44.5300,43.6900,43.9000,14.4047,7855300,0.0000
2012-04-27,45.6400,45.9850,43.0000,43.5500,14.2898,14719500,0.0000
2012-04-20,44.4800,46.3500,44.3000,46.2200,15.1659,6672000,0.0000
2012-04-13,44.1300,45.0900,43.8100,44.2200,14.5097,9943300,0.0000
2012-04-05,44.6500,45.5100,44.0100,44.2000,14.5031,5349000,0.0000
2012-03-30,45.2700,45.6900,44.1300,44.4900,14.5983,12537000,0.0000
2012-03-23,45.0800,45.7300,44.8800,45.1800,14.8247,9009400,0.0000
2012-03-16,45.1600,45.5800,44.5400,45.1100,14.8017,6421700,0.0000
2012-03-09,45.3600,45.5900,44.1700,44.9500,14.7492,5010500,0.0000
2012-03-02,44.8200,45.3700,44.7200,44.8900,14.7295,7470000,0.0000
2012-02-24,44.9800,45.5700,44.5200,45.4400,14.9100,6011100,0.0000
2012-02-17,47.5100,47.7600,45.0200,45.1800,14.8247,8233300,1.9500
2012-02-10,47.3100,47.9200,46.8700,47.1600,14.8346,7433200,0.0000
2012-02-03,47.6800,49.0000,46.9700,47.5000,14.9416,9604500,0.0000
2012-01-27,47.5700,48.1276,47.1500,47.6600,14.9919,4711100,0.0000
2012-01-20,47.2100,48.2300,46.7600,47.3900,14.9070,5708100,0.0000
2012-01-13,46.7100,47.3500,46.2500,46.7000,14.6899,6346900,0.0000
2012-01-06,47.0500,47.7900,46.3100,46.9700,14.7749,5681000,0.0000
2011-12-30,46.1000,46.4700,45.5400,46.2900,14.5610,3343100,0.0000
2011-12-23,45.6000,46.3000,45.0103,46.2900,14.5610,7025900,0.0000
2011-12-16,46.0700,46.1790,44.8500,45.2500,14.2338,8434500,0.0000
2011-12-09,45.7600,46.3100,45.1800,46.1900,14.5295,8962000,0.0000
2011-12-02,43.8200,46.2900,43.5000,45.2000,14.2181,8269300,0.0000
2011-11-25,44.2000,44.3300,42.3800,42.5300,13.3782,5773300,0.0000
2011-11-18,46.3900,46.4500,44.7400,45.0300,14.1646,5200300,0.0000
2011-11-11,47.3800,47.8100,44.7500,46.5600,14.6459,8952600,0.0000
2011-11-04,48.6800,48.8500,46.5800,47.7700,15.0265,7656700,0.0000
2011-10-28,47.7200,49.9450,47.7000,49.2700,15.4984,6952000,0.0000
2011-10-21,46.8800,48.7000,46.0300,48.5600,15.2750,5806600,0.0000
2011-10-14,46.9100,47.6400,46.5200,47.6200,14.9793,6485900,0.0000
2011-10-07,44.1500,46.3992,42.9300,45.7600,14.3943,9589700,0.0000
2011-09-30,43.3400,45.3300,42.8100,44.3600,13.9539,8346000,0.0000
2011-09-23,43.7600,45.1726,42.3400,42.9100,13.4978,6470300,0.0000
2011-09-16,43.1700,45.1800,43.0300,44.9100,14.1269,7338400,0.0000
2011-09-09,44.1600,45.8766,43.9600,44.3200,13.9413,5218800,0.0000
2011-09-02,46.4400,47.7150,45.0800,45.0800,14.1804,8793000,0.0000
2011-08-26,46.9700,47.4400,44.7500,45.9600,14.4572,10101900,0.0000
2011-08-19,45.9400,47.6200,44.7800,44.9500,14.1395,12734900,0.0000
2011-08-12,43.2500,45.3700,40.8900,45.0700,14.1772,17707400,0.0000
2011-08-05,49.1200,49.1200,43.4100,44.1900,13.9004,13029700,0.8500
2011-07-29,49.5900,50.2000,48.3800,48.5100,14.9709,8216200,0.0000
2011-07-22,49.0000,50.8400,48.3100,49.6700,15.3289,12636700,0.0000
2011-07-15,49.6100,50.0300,49.1000,49.8000,15.3690,6684400,0.0000
2011-07-08,50.9200,51.1800,50.1700,50.3800,15.5480,5168100,0.0000
2011-07-01,48.1700,50.5200,48.1700,50.4500,15.5696,7530600,0.0000
2011-06-24,49.2200,49.6227,48.2506,49.0000,15.1221,7185600,0.0000
2011-06-17,50.5100,51.6000,48.7100,49.2700,15.2054,5637400,0.0000
2011-06-10,51.6700,52.4700,50.2100,50.2800,15.5171,6006700,0.0000
2011-06-03,52.4100,52.5400,50.9000,51.2400,15.8134,4174900,0.0000
2011-05-27,50.7200,52.0400,50.3450,51.9200,16.0233,4861300,0.0000
2011-05-20,51.5100,52.0200,51.1400,51.5600,15.9121,4902100,0.0000
2011-05-13,50.5400,52.2100,50.4700,51.8000,15.9862,7315400,0.0000
2011-05-06,50.0500,51.2400,49.9100,50.5500,15.6004,6477500,0.0000
2011-04-29,49.8800,51.7300,49.4000,49.8300,15.3782,9251300,0.0000
2011-04-21,48.6700,50.3300,48.0000,49.9300,15.4091,4589800,0.0000
2011-04-15,48.6500,49.5000,48.5800,49.3400,15.2270,7297100,0.0000
2011-04-08,46.9800,48.5500,46.7900,48.2600,14.8937,5109900,0.0000
2011-04-01,46.3100,46.7300,45.6100,46.6000,14.3814,6961200,0.0000
2011-03-25,46.5800,47.0000,45.8600,46.1400,14.2395,4938600,0.0000
2011-03-18,47.3900,47.3900,44.9800,45.9900,14.1932,12848900,0.0000
2011-03-11,48.8600,48.8700,47.2500,47.7100,14.7240,5300700,0.0000
2011-03-04,48.7000,49.1800,48.1500,48.8200,15.0665,4914300,0.0000
2011-02-25,48.6200,48.9815,47.4700,48.0900,14.8413,4571200,0.0000
2011-02-18,48.3400,49.4300,48.1150,49.3800,15.2394,4147300,0.0000
2011-02-11,47.5900,49.0500,47.5600,48.4700,14.9585,8984100,0.0000
2011-02-04,48.4800,49.2800,47.2000,47.5600,14.6777,7653900,1.8500
2011-01-28,48.2700,49.6400,47.8500,48.2600,14.3378,8518200,0.0000
2011-01-21,47.7800,48.2600,46.5100,48.1000,14.2902,6014600,0.0000
2011-01-14,46.4600,47.8000,46.2600,47.5200,14.1179,4959300,0.0000
2011-01-07,46.4399,47.3200,46.3200,46.9500,13.9486,6732100,0.0000
2010-12-31,46.0200,46.3500,45.7400,46.1900,13.7228,3499200,0.0000
2010-12-23,46.0600,46.2500,45.5900,46.0300,13.6752,4657400,0.0000
2010-12-17,48.1100,49.5550,45.5000,46.3800,13.7792,10157700,0.0000
2010-12-10,47.7500,48.2400,47.5000,47.7900,14.1981,2398020,0.0000
2010-12-03,47.3400,48.2800,46.6200,48.2300,14.3288,7452400,0.0000
2010-11-26,48.9300,49.0600,47.5300,48.0100,14.2635,4312500,0.0000
2010-11-19,48.5600,49.2550,47.9600,48.9000,14.5279,6365900,0.0000
2010-11-12,49.7900,50.2200,48.8800,49.0400,14.5695,3971700,0.0000
2010-11-05,49.9500,50.6900,49.6700,50.1000,14.8844,5890600,0.0000
2010-10-29,52.0500,52.3300,49.8500,50.4600,14.9914,7208000,0.0000
2010-10-22,53.2300,53.5000,51.4700,52.1200,15.4845,5413800,0.0000
2010-10-15,52.5100,53.4600,52.0000,53.1900,15.8024,4571700,0.0000
2010-10-08,50.8900,52.3000,50.7600,52.2400,15.5202,4025800,0.0000
2010-10-01,52.1600,52.2000,50.7000,50.9900,15.1488,5657900,0.0000
2010-09-24,51.8300,52.7800,51.4700,52.6900,15.6539,4522400,0.0000
2010-09-17,52.0300,52.6200,51.6300,52.0500,15.4637,4290200,0.0000
2010-09-10,51.1500,52.0000,50.9400,51.7800,15.3835,3612200,0.0000
2010-09-03,50.0000,51.2600,49.3150,51.2400,15.2231,4420600,0.0000
2010-08-27,51.0300,51.3999,49.4550,50.2300,14.9230,4760300,0.0000
2010-08-20,51.3700,51.9900,50.1900,50.5300,15.0122,4843400,0.0000
2010-08-13,52.5700,53.5300,51.1800,51.3900,15.2677,7185500,0.0000
2010-08-06,51.5300,52.4900,51.2000,52.3000,15.5380,9510100,0.7000
2010-07-30,48.2600,52.3000,47.9500,50.4400,14.7841,23763800,0.0000
2010-07-23,49.3300,49.5300,48.1000,48.6200,14.2506,8845200,0.0000
2010-07-16,48.7900,50.3300,48.6400,48.7900,14.3005,8137600,0.0000
2010-07-09,47.4500,49.0000,47.3600,49.0000,14.3620,6908400,0.0000
2010-07-02,44.5300,49.8000,44.1700,47.0500,13.7905,21625900,0.0000
2010-06-25,45.3600,45.6300,44.3900,44.8900,13.1574,7445900,0.0000
2010-06-18,45.2000,45.9600,45.0100,45.4900,13.3332,7708100,0.0000
2010-06-11,42.5500,45.0800,41.9300,45.0200,13.1955,12397400,0.0000
2010-06-04,42.3200,43.8300,42.2000,42.4700,12.4481,9978400,0.0000
2010-05-28,41.4200,42.4900,40.4100,42.2500,12.3836,13746800,0.0000
2010-05-21,42.0500,42.6100,40.5600,41.5700,12.1843,16363300,0.0000
2010-05-14,42.5400,43.4500,41.7800,42.0500,12.3250,11317700,0.0000
2010-05-07,44.0600,44.3100,40.3000,41.2300,12.0846,11740300,0.0000
2010-04-30,45.0900,45.2100,43.0000,44.2300,12.9639,9205600,0.0000
2010-04-23,44.8900,45.8500,44.5000,45.1300,13.2277,5896700,0.0000
2010-04-16,45.1800,45.5900,45.0400,45.3300,13.2863,5494000,0.0000
2010-04-09,44.9400,45.1900,44.3800,45.1300,13.2277,5191000,0.0000
2010-04-01,44.7400,45.1100,44.3000,44.9500,13.1750,3456900,0.0000
2010-03-26,44.6200,45.1500,44.4100,44.6100,13.0753,4782400,0.0000
2010-03-19,44.0700,44.8300,43.9300,44.1100,12.9287,5477700,0.0000
2010-03-12,44.7800,44.8800,43.8600,44.3500,12.9991,7782900,0.0000
2010-03-05,43.9500,45.5000,43.7600,45.4600,13.3244,5894600,0.0000
2010-02-26,43.8700,44.1500,42.7000,44.1200,12.9317,8536900,0.0000
2010-02-19,43.5600,44.0800,43.3400,43.6500,12.7939,3433300,0.0000
2010-02-12,43.2700,44.5700,43.1300,43.9400,12.8789,8136100,0.0000
2010-02-05,46.6200,47.0900,42.2100,43.0500,12.6181,9550700,1.7100
2010-01-29,49.2700,50.1800,46.4700,46.4900,13.1273,12025200,0.0000
2010-01-22,49.5900,50.7000,48.8200,48.8400,13.7908,9407100,0.0000
2010-01-15,47.4600,49.4800,47.1400,48.8500,13.7937,9599700,0.0000
2010-01-08,47.4200,47.5300,45.5700,46.7800,13.2092,7711900,0.0000
2009-12-31,46.9300,47.2600,46.4900,46.9400,13.2543,2605000,0.0000
2009-12-24,45.5900,46.3800,45.3800,46.3800,13.0962,2860200,0.0000
2009-12-18,45.9000,46.6000,45.2200,45.5400,12.8590,4983400,0.0000
2009-12-11,46.2900,46.5800,45.1000,45.6800,12.8986,7637300,0.0000
2009-12-04,44.7000,47.2717,44.5100,46.3000,13.0736,6196400,0.0000
2009-11-27,45.4500,46.5000,44.6000,45.2900,12.7884,5970900,0.0000
2009-11-20,45.9200,46.3600,44.3600,44.8200,12.6557,4317000,0.0000
2009-11-13,45.7500,46.0950,45.3300,45.9400,12.9720,5386500,0.0000
2009-11-06,44.3200,45.1300,43.9000,44.9800,12.7009,7469400,0.0000
2009-10-30,45.4800,46.4500,44.7500,44.9100,12.6811,9854700,0.0000
2009-10-23,45.6200,46.3800,45.0300,45.1800,12.7574,7741100,0.0000
2009-10-16,44.3400,45.1600,43.7800,44.9700,12.6981,7215900,0.0000
2009-10-09,44.0000,44.5500,43.7623,44.1000,12.4524,6481500,0.0000
2009-10-02,44.9800,45.4200,43.4600,43.6400,12.3225,8302100,0.0000
2009-09-25,45.2400,46.3600,43.8400,43.9100,12.3988,9364000,0.0000
2009-09-18,45.2500,46.1300,44.7400,45.2000,12.7630,9853100,0.0000
2009-09-11,45.8100,45.8600,44.6900,45.1200,12.7404,7910500,0.0000
2009-09-04,46.7500,47.2625,45.0200,45.4400,12.8308,7381900,0.0000
2009-08-28,46.3400,47.1400,45.8700,46.3000,13.0736,6116200,0.0000
2009-08-21,45.0900,46.7000,44.9400,46.3000,13.0736,4775200,0.0000
2009-08-14,46.2900,46.7600,45.5600,45.9800,12.9833,3624800,0.0000
2009-08-07,47.1500,47.5000,45.4000,46.5000,13.1301,8229800,0.5900
2009-07-31,46.6500,47.2000,45.6400,46.4400,12.9497,10717600,0.0000
2009-07-24,45.4700,47.6100,45.1700,47.5400,13.2564,4525000,0.0000
2009-07-17,42.9000,45.7100,42.8400,45.0000,12.5482,6255400,0.0000
2009-07-10,43.0700,43.9800,42.7200,43.0100,11.9932,6846600,0.0000
2009-07-02,44.5300,44.9500,43.0100,43.3700,12.0936,3734500,0.0000
2009-06-26,44.0900,45.0600,43.5300,44.8100,12.4952,5059300,0.0000
2009-06-19,43.4000,45.2200,42.7900,44.6800,12.4589,7943000,0.0000
2009-06-12,40.2800,43.5400,40.0600,43.3400,12.0853,5660500,0.0000
2009-06-05,42.2800,42.6000,40.3000,40.5100,11.2961,6839800,0.0000
2009-05-29,41.0800,41.9800,40.4600,41.7200,11.6335,5375000,0.0000
2009-05-22,39.4300,41.8500,39.1600,41.4500,11.5582,7073500,0.0000
2009-05-15,38.1600,40.2600,37.8301,38.6600,10.7803,12876400,0.0000
2009-05-08,36.1500,36.5900,35.2300,36.1400,10.0776,11707600,0.0000
2009-05-01,36.2200,36.8700,34.3900,35.1700,9.8071,8904500,0.0000
2009-04-24,34.5200,35.2700,33.1300,34.9000,9.7318,7450300,0.0000
2009-04-17,33.6600,35.9600,33.6600,35.0900,9.7848,6148500,0.0000
2009-04-09,34.9500,35.4700,33.7000,33.9000,9.4529,6382600,0.0000
2009-04-03,32.5400,36.2300,32.2200,34.9400,9.7429,13819500,0.0000
2009-03-27,32.7200,33.8587,32.3300,32.3800,9.0291,9136300,0.0000
2009-03-20,34.1900,34.6300,32.6500,32.8900,9.1713,6922100,0.0000
2009-03-13,30.0700,33.1200,29.9600,33.0000,9.2020,10236800,0.0000
2009-03-06,31.9300,32.2300,30.1000,30.6500,8.5467,9622500,0.0000
2009-02-27,35.5000,35.5400,31.4600,31.5900,8.8088,8909700,0.0000
2009-02-20,35.9200,36.1000,34.8100,35.3700,9.8628,5269400,0.0000
2009-02-13,38.6900,39.0400,36.7900,36.9900,10.3146,5232700,0.0000
2009-02-06,37.6100,40.3500,37.2500,38.2400,10.6631,5615100,1.5000
2009-01-30,40.6500,41.4500,38.0000,38.5300,10.3328,8827200,0.0000
2009-01-23,39.3900,39.8200,37.2900,39.6900,10.6439,6599300,0.0000
2009-01-16,40.7100,41.0600,38.8800,40.0500,10.7404,6965000,0.0000
2009-01-09,39.3600,42.0400,39.0600,41.4900,11.1266,6758100,0.0000
2009-01-02,40.3400,41.2600,39.5200,40.5900,10.8852,4277200,0.0000
2008-12-26,40.0300,40.5900,37.5200,39.3700,10.5580,2822900,0.0000
2008-12-19,39.1500,41.6800,38.4300,40.4600,10.8504,7947900,0.0000
2008-12-12,40.0400,40.5600,38.3500,39.0300,10.4669,6954700,0.0000
2008-12-05,37.0200,38.9900,35.1000,38.8500,10.4186,7124000,0.0000
2008-11-28,35.9300,38.2100,35.5300,37.7300,10.1182,7967900,0.0000
2008-11-21,42.5800,42.7400,32.5800,34.1000,9.1448,12308800,0.0000
2008-11-14,43.6200,43.8900,40.8500,42.2000,11.3170,13606500,0.0000
2008-11-07,42.7000,44.5800,40.0000,42.6500,11.4377,5938700,0.0000
2008-10-31,35.3800,43.2200,35.0400,42.4600,11.3867,10027100,0.0000
2008-10-24,39.7100,41.1000,35.2400,36.5100,9.7911,8393500,0.0000
2008-10-17,37.1700,41.4200,36.7100,39.8400,10.6841,9439700,0.0000
2008-10-10,43.4200,44.3200,34.7700,36.5000,9.7884,14008900,0.0000
2008-10-03,44.6900,45.6100,42.7000,44.2700,11.8721,12482700,0.0000
2008-09-26,46.7000,47.3800,45.2705,46.1900,12.3870,9134900,0.0000
2008-09-19,44.5300,45.7400,43.2100,45.2000,12.1215,10621900,0.0000
2008-09-12,46.3000,46.7900,44.4900,45.8000,12.2824,7633000,0.0000
2008-09-05,49.4100,49.5700,45.9500,46.3100,12.4192,4324000,0.0000
2008-08-29,48.6000,49.4100,48.0300,48.7000,13.0601,3642300,0.0000
2008-08-22,49.4300,49.4300,47.3500,48.9300,13.1218,6068100,0.0000
2008-08-15,49.5200,49.7400,48.2200,48.6400,13.0440,6102000,0.0000
2008-08-08,48.8100,49.8500,48.6800,49.3600,13.2371,14593800,0.5500
2008-08-01,45.9700,49.1700,45.0300,47.5800,12.6192,18742800,0.0000
2008-07-25,44.8100,47.3985,44.7500,46.6800,12.3805,11977900,0.0000
2008-07-18,45.4400,45.8400,44.3600,45.2400,11.9986,11419900,0.0000
2008-07-11,46.3100,48.6000,45.4900,45.8800,12.1683,13378100,0.0000
2008-07-03,42.2200,46.0100,41.9800,45.8000,12.1471,8423200,0.0000
2008-06-27,42.1100,43.4000,41.6000,41.7500,11.0730,6795600,0.0000
2008-06-20,41.0300,42.2500,40.8000,41.0500,10.8873,3640200,0.0000
2008-06-13,42.7600,42.8000,40.6900,41.0300,10.8820,3919400,0.0000
2008-06-06,43.2500,43.3300,42.0400,42.0900,11.1631,5481000,0.0000
2008-05-30,43.0300,44.1200,42.9400,43.6900,11.5875,5078500,0.0000
2008-05-23,44.8000,45.2700,43.0700,43.2600,11.4735,7883900,0.0000
2008-05-16,40.8400,43.7000,40.5300,43.5600,11.5530,4980600,0.0000
2008-05-09,41.9100,42.0200,40.2800,40.5500,10.7547,5024300,0.0000
2008-05-02,42.3900,42.6400,41.1200,41.8400,11.0968,7763200,0.0000
2008-04-25,42.2300,42.6300,41.2000,41.8800,11.1074,8206700,0.0000
2008-04-18,39.7500,42.3300,39.2200,41.7000,11.0597,15336700,0.0000
2008-04-11,41.3200,41.7600,39.3100,39.3600,10.4391,7578200,0.0000
2008-04-04,37.3500,42.3000,37.1100,42.0900,11.1631,14301800,0.0000
2008-03-28,37.9900,38.8700,36.5000,36.5400,9.6912,7838500,0.0000
2008-03-20,35.0700,37.7200,35.0300,37.6300,9.9803,9956800,0.0000
2008-03-14,37.1500,38.5900,36.0200,36.1500,9.5877,10936500,0.0000
2008-03-07,37.4000,37.9400,36.5800,37.4400,9.9299,8125300,0.0000
2008-02-29,39.3400,40.1100,37.5000,37.6300,9.9803,6703400,0.0000
2008-02-22,39.4300,40.1100,38.7400,39.7200,10.5346,6577200,0.0000
2008-02-15,37.8800,39.4300,37.4433,38.7600,10.2800,11702100,0.0000
2008-02-08,41.4700,41.8900,37.5400,37.9600,10.0678,11963400,1.3500
2008-02-01,42.7900,43.4500,40.1100,41.2500,10.5718,9056400,0.0000
2008-01-25,42.2900,44.1000,42.0200,42.9000,10.9946,9708200,0.0000
2008-01-18,45.1000,46.8400,43.8400,45.7000,11.7122,15803900,0.0000
2008-01-11,42.7600,45.7800,42.4300,45.4000,11.6354,7021600,0.0000
2008-01-04,43.0000,43.1000,41.5900,41.6500,10.6743,4349300,0.0000
2007-12-28,43.9700,44.2500,43.0000,43.1200,11.0510,2821500,0.0000
2007-12-21,44.9800,45.0700,43.7300,44.1300,11.3099,5178900,0.0000
2007-12-14,46.9900,47.6700,45.3200,45.3400,11.6200,5879300,0.0000
2007-12-07,47.5400,47.5400,45.9000,47.0000,12.0454,4406400,0.0000
2007-11-30,46.7400,47.9400,45.5300,47.3800,12.1428,6662200,0.0000
2007-11-23,44.3100,47.2964,43.0500,46.5700,11.9352,6109200,0.0000
2007-11-16,44.1100,46.3100,43.8400,45.0700,11.5508,6427800,0.0000
2007-11-09,47.4000,47.7200,44.7700,44.9000,11.5072,4990400,0.0000
2007-11-02,48.4700,49.4000,47.7100,48.1400,12.3376,3873600,0.0000
2007-10-26,49.5000,50.8200,48.4600,48.6800,12.4760,8937200,0.0000
2007-10-19,52.7300,52.7900,50.1100,50.5000,12.9424,8934300,0.0000
2007-10-12,52.1700,52.9700,51.6800,52.4700,13.4473,3990300,0.0000
2007-10-05,50.5600,52.8000,50.3900,52.4400,13.4396,3680900,0.0000
2007-09-28,49.4700,50.1400,48.4600,50.0700,12.8322,3593800,0.0000
2007-09-21,47.4400,49.2500,46.8120,49.1300,12.5913,3603800,0.0000
2007-09-14,48.1200,48.8800,47.4700,47.9300,12.2838,6664400,0.0000
2007-09-07,48.9000,49.6800,47.9000,48.0300,12.3094,3880100,0.0000
2007-08-31,48.4500,49.6600,47.5400,49.2000,12.6092,4359600,0.0000
2007-08-24,47.0700,49.2200,46.5400,49.2200,12.6144,5831800,0.0000
2007-08-17,47.6600,47.8400,44.7600,46.5000,11.9173,7444900,0.0000
2007-08-10,51.6800,51.7300,47.1500,47.9600,12.2914,8610100,0.5200
2007-08-03,52.0200,52.2400,50.6700,50.7200,12.8677,5524000,0.0000
2007-07-27,55.6400,55.8300,51.6700,51.7100,13.1189,7467000,0.0000
2007-07-20,56.2200,56.5200,54.8700,55.5900,14.1032,5076300,0.0000
2007-07-13,53.8100,56.6000,53.1800,56.1100,14.2351,5299400,0.0000
2007-07-06,53.9000,54.3400,53.4500,53.9200,13.6795,2419500,0.0000
2007-06-29,51.3100,53.8500,50.9900,53.4800,13.5679,7467500,0.0000
2007-06-22,52.0500,52.2500,51.0000,51.2500,13.0022,5183700,0.0000
2007-06-15,51.4000,52.1400,50.7900,51.7200,13.1214,6868600,0.0000
2007-06-08,53.1600,53.5300,50.5100,51.0900,12.9616,6779200,0.0000
2007-06-01,53.3800,53.6900,52.8000,53.2600,13.5121,4488100,0.0000
2007-05-25,53.8500,54.0900,53.2600,53.4800,13.5679,4405400,0.0000
2007-05-18,53.2000,54.4400,53.0300,54.1900,13.7480,4637000,0.0000
2007-05-11,54.1000,54.1200,53.0000,53.2700,13.5146,5467100,0.0000
2007-05-04,54.9600,55.0000,52.6800,53.7100,13.6263,7690600,0.0000
2007-04-27,56.5300,56.8100,54.5700,55.0000,13.9535,9081700,0.0000
2007-04-20,56.7500,59.4700,56.5800,59.0400,14.9785,6485800,0.0000
2007-04-13,54.0300,56.1500,53.6100,55.9700,14.1996,7081500,0.0000
2007-04-05,53.7900,54.7700,53.4600,54.5900,13.8495,4489300,0.0000
2007-03-30,54.7000,54.8100,53.2700,53.6500,13.6110,6916400,0.0000
2007-03-23,54.9500,56.7000,54.6200,54.7000,13.8774,9552700,0.0000
2007-03-16,56.4500,56.8200,55.0600,55.5000,14.0804,5335500,0.0000
2007-03-09,53.6900,57.1200,53.5000,56.5800,14.3544,5747200,0.0000
2007-03-02,57.4300,57.4300,53.8300,53.8400,13.6592,5582500,0.0000
2007-02-23,57.2900,57.4800,56.7100,57.1900,14.5091,3379500,0.0000
2007-02-16,56.7600,57.9300,56.4800,57.9000,14.6893,4320300,0.0000
2007-02-09,57.5600,58.8500,56.7100,56.8100,14.4127,6627000,1.2300
2007-02-02,55.0000,58.0800,54.8500,57.7000,14.3345,6308600,0.0000
2007-01-26,56.5100,56.9200,54.4500,54.8400,13.6240,6515500,0.0000
2007-01-19,57.1700,57.5500,56.3800,56.7500,14.0985,4697700,0.0000
2007-01-12,54.9600,56.5200,54.0100,56.3500,13.9991,5553600,0.0000
2007-01-05,54.2400,55.8400,53.6700,55.5300,13.7954,8419800,0.0000
2006-12-29,53.2700,53.9700,53.0500,53.5500,13.3035,2764100,0.0000
2006-12-22,56.4700,56.4900,53.3400,53.6300,13.3234,11934400,0.0000
2006-12-15,56.3100,57.7600,55.9700,56.0000,13.9122,8311300,0.0000
2006-12-08,57.5400,57.7800,56.3500,57.0600,14.1755,6182000,0.0000
2006-12-01,57.2100,59.2400,56.1600,57.1300,14.1929,9313300,0.0000
2006-11-24,57.2400,57.7700,56.9300,57.3900,14.2575,5039200,0.0000
2006-11-17,58.1700,58.6100,57.4500,57.5800,14.3047,6594500,0.0000
2006-11-10,60.8200,61.7500,57.2628,57.5000,14.2848,10751600,0.0000
2006-11-03,60.1300,61.3600,58.6800,60.6000,15.0550,8917800,0.0000
2006-10-27,65.7000,66.4900,59.0100,59.1600,14.6972,13671300,0.0000
2006-10-20,62.7800,66.3900,62.7000,66.2700,16.4636,6447000,0.0000
2006-10-13,61.5400,62.3800,60.8900,61.9900,15.4003,3394900,0.0000
2006-10-06,62.8900,63.4200,61.6500,61.9000,15.3779,3864300,0.0000
2006-09-29,63.1900,63.4100,62.3100,62.5000,15.5270,4371300,0.0000
2006-09-22,62.3200,63.6500,61.8800,63.4500,15.7630,4117200,0.0000
2006-09-15,61.2900,63.2000,61.1300,62.3100,15.4798,6149200,0.0000
2006-09-08,64.5200,64.5500,61.1700,61.3500,15.2413,5899900,0.0000
2006-09-01,63.0000,65.5200,63.0000,65.4300,16.2549,5700500,0.0000
2006-08-25,63.3400,63.5700,62.6800,63.2200,15.7059,3566300,0.0000
2006-08-18,60.9900,63.0000,60.9200,62.9900,15.6487,4452900,0.0000
2006-08-11,61.5300,61.8500,59.9800,60.2700,14.9730,5749200,0.4900
2006-08-04,61.3800,61.5400,59.7900,61.3000,15.1068,6213400,0.0000
2006-07-28,61.2000,62.1000,58.0000,60.8500,14.9959,7707700,0.0000
2006-07-21,56.4600,59.6800,56.2000,59.5800,14.6830,3882800,0.0000
2006-07-14,59.9600,60.4800,57.1200,57.4300,14.1531,4938500,0.0000
2006-07-07,60.0900,60.1700,58.2000,59.7500,14.7249,4756700,0.0000
2006-06-30,56.8500,60.4400,56.2000,59.8200,14.7421,6184600,0.0000
2006-06-23,56.7044,57.8400,56.4300,56.9300,14.0299,7780000,0.0000
2006-06-16,53.9100,57.2400,53.4900,56.3000,13.8746,6332800,0.0000
2006-06-09,54.7500,54.8800,51.8200,53.6300,13.2166,6349600,0.0000
2006-06-02,52.8600,54.7000,52.1500,54.6700,13.4729,2863900,0.0000
2006-05-26,52.0400,53.3500,51.8400,52.9500,13.0491,5332900,0.0000
2006-05-19,53.5000,55.1100,52.3800,53.0200,13.0663,6670800,0.0000
2006-05-12,54.5000,55.2000,53.8200,53.8900,13.2807,5120500,0.0000
2006-05-05,55.0200,56.3500,54.2300,54.5000,13.4310,7718500,0.0000
2006-04-28,53.2400,55.5000,53.1700,55.1300,13.5863,8005100,0.0000
2006-04-21,51.5100,54.1200,51.0500,53.9700,13.3004,5668900,0.0000
2006-04-13,50.9800,51.6400,50.5300,51.5000,12.6917,1799400,0.0000
2006-04-07,50.3700,51.6500,50.2200,51.1300,12.6005,4204000,0.0000
2006-03-31,51.4900,51.5200,49.5000,50.2300,12.3787,10980700,0.0000
2006-03-24,50.4600,51.8100,50.2600,51.7300,12.7484,4852100,0.0000
2006-03-17,51.0400,51.5300,49.9000,50.9300,12.5512,9123300,0.0000
2006-03-10,46.7000,49.8900,45.6400,49.8000,12.2728,4622900,0.0000
2006-03-03,46.4200,46.7100,45.8400,46.5500,11.4718,2746000,0.0000
2006-02-24,45.9400,46.4700,45.4900,46.1400,11.3708,2731100,0.0000
2006-02-17,45.7300,45.8900,44.9000,45.1200,11.1194,4910200,0.0000
2006-02-10,46.9600,47.0400,45.9600,46.3000,11.4102,3885000,0.9200
2006-02-03,48.0100,49.1000,46.6300,46.8500,11.3210,6575700,0.0000
2006-01-27,47.2200,48.6000,46.4500,48.4100,11.6979,4551900,0.0000
2006-01-20,49.1800,49.5500,46.9500,46.9900,11.3548,7020700,0.0000
2006-01-13,51.2400,51.3000,49.5800,49.7900,12.0314,4527100,0.0000
2006-01-06,49.6000,51.5000,49.5800,51.5000,12.4446,5105100,0.0000
2005-12-30,48.7800,49.2500,48.3600,48.6000,11.7438,2290900,0.0000
2005-12-23,50.0600,50.1300,47.9800,48.5300,11.7269,4942100,0.0000
2005-12-16,48.3600,49.1600,48.0600,48.4200,11.7003,5109400,0.0000
2005-12-09,47.0400,48.0900,46.5000,47.9500,11.5868,3735600,0.0000
2005-12-02,46.0800,47.3000,45.8200,47.2400,11.4152,3792800,0.0000
2005-11-25,44.8600,46.4600,44.4300,46.0000,11.1156,4727100,0.0000
2005-11-18,45.2000,45.3400,44.1200,45.1500,10.9102,6653000,0.0000
2005-11-11,45.9200,46.1500,44.2400,44.9900,10.8715,7050100,0.0000
2005-11-04,44.7900,46.3100,44.5200,45.9400,11.1011,4427800,0.0000
2005-10-28,46.2700,46.6800,43.9200,44.4300,10.7362,4918000,0.0000
2005-10-21,47.1200,47.2300,45.4601,45.8400,11.0769,5558800,0.0000
2005-10-14,48.7000,48.7000,46.8700,47.7400,11.5360,4425300,0.0000
2005-10-07,47.0600,49.0600,46.7100,48.9000,11.8163,4965300,0.0000
2005-09-30,47.3100,47.6200,46.4300,47.1000,11.3814,4785200,0.0000
2005-09-23,47.8300,47.9800,46.4400,46.9300,11.3403,3333800,0.0000
2005-09-16,48.7700,48.9900,47.5700,47.9100,11.5771,2864600,0.0000
2005-09-09,48.7300,49.3900,48.1700,49.0000,11.8405,3208300,0.0000
2005-09-02,44.9800,48.4400,44.9800,48.2600,11.6617,4625400,0.0000
2005-08-26,46.4700,46.5900,44.8900,44.9300,10.8570,4815500,0.0000
2005-08-19,46.5900,47.5500,45.8500,46.0000,11.1156,4460200,0.0000
2005-08-12,46.8400,47.3000,46.3400,46.9900,11.3548,3462600,0.3800
2005-08-05,45.4600,46.8200,45.4300,46.4000,11.1212,4598500,0.0000
2005-07-29,40.9100,45.5700,40.6500,45.4400,10.8911,10651500,0.0000
2005-07-22,41.6800,41.7700,40.6400,40.9900,9.8246,4567700,0.0000
2005-07-15,41.5800,42.3300,41.5500,41.9500,10.0547,2723100,0.0000
2005-07-08,41.3200,41.7300,40.0500,41.6500,9.9827,2959100,0.0000
2005-07-01,40.8900,41.7900,40.6700,41.0500,9.8389,2795700,0.0000
2005-06-24,41.8000,42.2300,40.8600,40.9600,9.8174,3646700,0.0000
2005-06-17,41.6600,41.8500,40.6900,41.6900,9.9923,4115400,0.0000
2005-06-10,42.1100,42.6300,41.7400,41.9500,10.0547,2813200,0.0000
2005-06-03,43.0200,43.0700,41.9000,42.1500,10.1026,2068200,0.0000
2005-05-27,42.4200,43.0000,42.3000,42.9500,10.2943,2531400,0.0000
2005-05-20,42.6200,43.7800,42.5600,42.7700,10.2512,4495100,0.0000
2005-05-13,43.8300,44.3100,42.3100,42.8100,10.2608,5472500,0.0000
2005-05-06,43.6300,45.2200,43.5500,44.4700,10.6586,5123600,0.0000
2005-04-29,43.1900,44.2100,43.0000,43.9500,10.5340,4534300,0.0000
2005-04-22,43.2400,43.8100,41.9900,43.2700,10.3710,4883400,0.0000
2005-04-15,41.3200,43.7600,40.9400,43.4200,10.4070,6533800,0.0000
2005-04-08,39.0800,41.1700,38.9600,41.0400,9.8365,3860500,0.0000
2005-04-01,39.9000,40.3000,38.8500,39.4600,9.4578,5231400,0.0000
2005-03-24,40.8500,40.9800,39.6400,39.8900,9.5609,5395600,0.0000
2005-03-18,41.7500,42.5100,40.6600,40.9000,9.8030,3561700,0.0000
2005-03-11,41.4200,42.3800,41.0700,42.1200,10.0954,3559700,0.0000
2005-03-04,39.7200,41.9000,39.0500,41.5500,9.9588,8542500,0.0000
2005-02-25,41.4000,41.7500,39.7200,40.2400,9.6448,4232000,0.0000
2005-02-18,39.2600,39.9000,38.6100,39.8100,9.5417,4890500,0.0000
2005-02-11,39.0400,39.4900,38.7100,39.4500,9.4554,4065800,0.6450
2005-02-04,37.9000,39.2800,37.4100,39.1500,9.2319,4455100,0.0000
2005-01-28,35.1000,37.8700,34.7200,37.6500,8.8782,9480300,0.0000
2005-01-21,35.2800,35.7500,34.8900,35.0200,8.2581,3042200,0.0000
2005-01-14,36.0300,36.6100,35.3600,35.4100,8.3500,5420700,0.0000
2005-01-07,36.4000,36.8400,35.6900,36.4800,8.6023,5577100,0.0000
2004-12-31,35.7019,36.7900,35.7019,36.3900,8.5811,4628400,0.0000
2004-12-23,37.2800,37.7000,35.6100,36.0200,8.4939,8908100,0.0000
2004-12-17,40.1000,40.2900,36.5200,37.1000,8.7485,11232300,0.0000
2004-12-10,40.2800,41.4000,39.9000,39.9800,9.4277,8427500,0.0000
2004-12-03,39.9700,40.8300,39.1600,40.2800,9.4984,6331400,0.0000
2004-11-26,39.6300,40.5200,39.2300,39.6000,9.3381,7470100,0.0000
2004-11-19,43.2200,44.2600,39.1300,39.4300,9.2980,21789700,0.0000
2004-11-12,43.0500,43.6100,42.7000,43.2500,10.1988,3598500,0.0000
2004-11-05,41.0900,43.4300,40.9200,43.3200,10.2153,6071300,0.0000
2004-10-29,40.2600,41.2000,39.6400,41.2000,9.7154,4975300,0.0000
2004-10-22,38.5100,41.0300,38.4200,39.8100,9.3876,7655300,0.0000
2004-10-15,39.0600,39.5000,37.9600,38.2300,9.0150,6399800,0.0000
2004-10-08,41.0000,41.0000,38.1700,38.6800,9.1211,11804300,0.0000
2004-10-01,41.9700,42.1400,40.8200,41.0000,9.6682,6240100,0.0000
2004-09-24,41.5500,42.7700,41.4400,42.2900,9.9724,5025200,0.0000
2004-09-17,41.5000,42.6200,41.4300,41.8500,9.8686,16583000,0.0000
2004-09-10,47.0400,47.1300,43.7200,43.7400,10.3143,22133600,0.0000
2004-09-03,46.0600,47.1500,45.4800,47.0800,11.1019,5955200,0.0000
2004-08-27,45.0700,46.2600,44.4300,46.1700,10.8873,4712700,0.0000
2004-08-20,44.0400,45.0400,43.8700,45.0000,10.6114,6357400,0.0000
2004-08-13,44.3200,44.6800,43.4500,44.3700,10.4629,5866000,0.2950
2004-08-06,45.0600,45.4800,44.0700,44.2900,10.3743,4059700,0.0000
2004-07-30,44.4400,45.4400,43.9000,44.9200,10.5219,6205800,0.0000
2004-07-23,43.1300,45.0200,42.9100,44.5500,10.4352,9821200,0.0000
2004-07-16,43.6100,44.3500,42.9500,43.0100,10.0745,8069400,0.0000
2004-07-09,45.2600,45.3600,43.8400,44.0500,10.3181,3746200,0.0000
2004-07-02,46.3200,46.4100,44.8400,45.7200,10.7093,7358600,0.0000
2004-06-25,47.5100,47.7972,45.6500,45.9200,10.7561,4819900,0.0000
2004-06-18,46.5000,47.8800,46.0200,47.5300,11.1333,3956400,0.0000
2004-06-10,47.9800,48.7500,47.1300,47.4500,11.1145,3435800,0.0000
2004-06-04,46.9100,48.0900,46.7900,48.0900,11.2644,2824700,0.0000
2004-05-28,46.6600,48.0500,45.9600,46.9000,10.9857,4487500,0.0000
2004-05-21,47.2900,47.7100,46.2500,46.4300,10.8756,4994800,0.0000
2004-05-14,47.4100,47.8300,46.7700,47.2900,11.0770,4169700,0.0000
2004-05-07,47.7400,49.5100,47.5200,48.0000,11.2433,5265000,0.0000
2004-04-30,47.1300,48.5000,45.8000,47.8500,11.2082,8090500,0.0000
2004-04-23,48.3200,48.4600,46.8800,47.6000,11.1497,4675400,0.0000
2004-04-16,47.7000,48.9000,46.6600,48.6000,11.3839,4481200,0.0000
2004-04-08,46.8000,48.9600,46.7500,47.9000,11.2199,3040000,0.0000
2004-04-02,46.7300,47.8600,46.4000,47.0100,11.0115,5384000,0.0000
2004-03-26,47.5200,47.9000,45.9800,46.4100,10.8709,4622700,0.0000
2004-03-19,48.5800,49.3600,47.6800,47.8000,11.1965,5346000,0.0000
2004-03-12,49.9000,51.2000,48.2600,48.6200,11.3886,9303400,0.0000
2004-03-05,48.9800,49.9600,48.0900,49.9000,11.6884,6775200,0.0000
2004-02-27,48.2000,48.8736,47.7400,48.6200,11.3886,3618900,0.0000
2004-02-20,49.4300,49.5100,48.0000,48.2000,11.2902,2286700,0.5400
2004-02-13,49.6100,50.5100,48.7900,49.3300,11.4275,5107300,0.0000
2004-02-06,48.6000,49.7600,48.3100,49.2600,11.4113,4176800,0.0000
2004-01-30,48.5000,50.5400,47.5300,48.2700,11.1819,7701800,0.0000
2004-01-23,47.4000,50.0500,47.1300,48.3300,11.1958,6186200,0.0000
2004-01-16,48.0000,48.1000,46.0700,46.6500,10.8067,4772900,0.0000
2004-01-09,48.7800,48.8200,47.8100,48.3700,11.2051,5385800,0.0000
2004-01-02,48.3600,49.1500,48.2000,49.0000,11.3510,3060000,0.0000
2003-12-26,46.7600,47.7900,46.7500,47.6500,11.0383,1564700,0.0000
2003-12-19,45.5900,46.9900,45.1000,46.6800,10.8136,7226400,0.0000
2003-12-12,46.2000,46.5000,45.2200,45.4700,10.5333,4551700,0.0000
2003-12-05,45.9300,47.1200,45.6000,46.7500,10.8298,5814600,0.0000
2003-11-28,46.0700,46.7000,45.3800,45.9500,10.6445,3731000,0.0000
2003-11-21,48.0400,48.3900,45.9300,46.4600,10.7626,9534400,0.0000
2003-11-14,45.7600,48.7900,45.0900,48.0700,11.1356,11741000,0.0000
2003-11-07,47.8500,47.8600,45.6600,45.6700,10.5796,13967200,0.0000
2003-10-31,49.2000,49.4800,47.3600,47.6800,11.0453,6475500,0.0000
2003-10-24,47.0700,48.9200,46.3700,48.6400,11.2676,10413700,0.0000
2003-10-17,45.2800,47.0900,45.1100,47.0000,10.8877,6413700,0.0000
2003-10-10,45.6000,45.9800,44.5400,45.3400,10.5032,5388700,0.0000
2003-10-03,43.0000,46.4900,40.6300,46.0100,10.6584,7934200,0.0000
2003-09-26,43.1000,43.8500,42.4000,43.0300,9.9681,4093600,0.0000
2003-09-19,43.0400,44.0900,42.2600,43.7600,10.1372,3357500,0.0000
2003-09-12,42.4000,43.4600,42.2700,43.1800,10.0028,5227700,0.0000
2003-09-05,39.8000,43.0000,39.4600,43.0000,9.9611,10999000,0.0000
2003-08-29,38.4000,40.9500,38.2400,39.6500,9.1851,7883600,0.0000
2003-08-22,41.8600,41.8800,38.2600,38.4500,8.9071,6620600,0.2550
2003-08-15,40.0600,42.8300,39.8600,42.0200,9.6733,7565300,0.0000
2003-08-08,39.4100,40.8500,38.8600,40.6400,9.3557,5092400,0.0000
2003-08-01,40.7300,41.1900,39.4000,39.4000,9.0702,5073300,0.0000
2003-07-25,39.5000,41.3500,38.7300,41.2800,9.5030,4387900,0.0000
2003-07-18,41.5200,42.2200,38.9500,39.5000,9.0932,8533700,0.0000
2003-07-11,42.3000,43.0000,40.2900,42.1000,9.6918,21362300,0.0000
2003-07-03,41.2200,42.3100,39.7400,41.8200,9.6273,5569500,0.0000
2003-06-27,42.5600,42.6500,40.7000,40.8600,9.4063,5046900,0.0000
2003-06-20,44.6000,46.0800,42.9900,43.2100,9.9473,7680500,0.0000
2003-06-13,43.9000,45.2000,43.6200,44.2000,10.1752,3815700,0.0000
2003-06-06,41.2400,45.5900,40.8000,44.7600,10.3041,8373600,0.0000
2003-05-30,40.6900,42.1600,40.6200,41.2400,9.4938,2886300,0.0000
2003-05-23,43.5000,43.5500,40.2500,40.8500,9.4040,9679800,0.0000
2003-05-16,40.6700,44.0500,40.6500,43.9000,10.1061,6637900,0.0000
2003-05-09,41.9800,43.6500,39.8500,40.5400,9.3326,18552500,0.0000
2003-05-02,38.2500,41.6200,37.6500,41.5100,9.5559,13691400,0.0000
2003-04-25,35.0000,38.5200,34.6500,37.9700,8.7410,8411700,0.0000
2003-04-17,35.0000,35.8900,34.4500,35.0900,8.0780,2417100,0.0000
2003-04-11,36.1700,36.4700,34.3000,34.5000,7.9422,7466100,0.0000
2003-04-04,34.4500,36.1300,33.7600,34.9200,8.0389,6167400,0.0000
2003-03-28,34.8000,36.0400,34.2500,34.5900,7.9629,2956700,0.0000
2003-03-21,31.3000,35.9500,31.2300,35.6500,8.2069,7508800,0.0000
2003-03-14,31.2900,31.8900,29.4100,31.5200,7.2562,7137800,0.0000
2003-03-07,33.0700,33.3000,31.8100,32.4400,7.4679,2646600,0.0000
2003-02-28,33.9500,34.1100,31.0400,32.1200,7.3943,5165000,0.0000
2003-02-21,34.4500,35.3700,33.7000,34.4300,7.9261,2765500,0.4700
2003-02-14,34.1000,34.7900,33.3500,34.5500,7.8465,3696200,0.0000
2003-02-07,34.1000,36.2600,33.2500,33.4900,7.6058,4853100,0.0000
2003-01-31,29.9300,34.8000,29.5400,34.3400,7.7988,7095600,0.0000
2003-01-24,32.9000,33.1400,30.5000,30.5500,6.9381,2608100,0.0000
2003-01-17,33.5100,33.7900,32.9900,33.5500,7.6194,2994700,0.0000
2003-01-10,34.9500,35.2000,31.8500,33.7100,7.6557,5757200,0.0000
2003-01-03,35.1000,35.4000,34.6100,34.9500,7.9374,2638500,0.0000
2002-12-27,35.3500,37.0900,34.8200,35.0600,7.9623,3383700,0.0000
2002-12-20,36.1100,36.9800,34.8800,35.6900,8.1054,3901400,0.0000
2002-12-13,36.3300,36.9500,35.3000,36.2500,8.2326,3978400,0.0000
2002-12-06,37.8700,38.4700,36.0300,36.1100,8.2008,5329000,0.0000
2002-11-29,38.1500,39.2500,37.5000,37.8400,8.5937,3075600,0.0000
2002-11-22,40.4500,40.4800,38.9500,39.1400,8.8889,2975500,0.0000
2002-11-15,38.9900,40.2400,38.5300,40.2300,9.1365,3656300,0.0000
2002-11-08,35.7500,39.8100,34.1900,39.7500,9.0275,8462400,0.0000
2002-11-01,37.2600,38.1500,34.7000,35.4200,8.0441,5604000,0.0000
2002-10-25,36.0800,37.6000,35.3500,37.5100,8.5187,3716000,0.0000
2002-10-18,36.2500,37.9800,35.0200,37.3500,8.4824,8071400,0.0000
2002-10-11,31.8000,32.9000,30.1600,32.5500,7.3923,5522900,0.0000
2002-10-04,30.9800,34.0700,29.7800,32.3000,7.3355,5738800,0.0000
2002-09-27,28.8000,32.1200,28.0000,31.0000,7.0403,12262700,0.0000
2002-09-20,30.7700,31.2500,28.8000,29.5500,6.7110,4820800,0.0000
2002-09-13,31.3200,32.1500,30.4200,30.8000,6.9949,3713300,0.0000
2002-09-06,30.5000,32.0000,29.1400,31.1700,7.0789,6374800,0.0000
2002-08-30,30.5000,30.6500,28.3000,29.1500,6.6201,3876500,0.0000
2002-08-23,31.5000,32.7000,29.1100,30.3400,6.8904,16029200,0.2300
2002-08-16,36.9000,37.7700,35.3500,37.0000,8.3398,4716500,0.0000
2002-08-09,37.1000,37.5400,33.4000,36.3900,8.2023,8146100,0.0000
2002-08-02,35.8800,38.0000,35.1000,38.0000,8.5652,7115600,0.0000
2002-07-26,33.5000,34.3500,29.9000,34.3000,7.7312,8388300,0.0000
2002-07-19,36.8000,38.2000,34.0100,34.1300,7.6929,8203400,0.0000
2002-07-12,40.1200,41.2900,36.2400,36.5400,8.2361,10035400,0.0000
2002-07-05,41.1500,41.3000,37.2400,39.7600,8.9619,4678100,0.0000
2002-06-28,40.1000,41.8100,39.1800,41.0000,9.2414,5248700,0.0000
2002-06-21,41.3300,43.4000,39.6900,40.3500,9.0949,5682100,0.0000
2002-06-14,41.9500,43.5400,39.1200,41.0000,9.2414,6187200,0.0000
2002-06-07,44.2600,44.4000,40.7200,41.9000,9.4443,5272600,0.0000
2002-05-31,44.9500,45.3000,43.3200,43.7200,9.8545,4075500,0.0000
2002-05-24,47.0500,47.7100,45.2600,45.3600,10.2242,4855000,0.0000
2002-05-17,45.0000,47.1600,44.8000,46.6800,10.5217,6077900,0.0000
2002-05-10,45.6500,46.6100,44.5000,44.8400,10.1070,5343200,0.0000
2002-05-03,48.6000,48.7200,45.9500,46.0000,10.3684,5555400,0.0000
2002-04-26,49.9200,51.4000,48.1500,48.6500,10.9657,5821900,0.0000
2002-04-19,51.2000,51.4300,48.6400,49.5200,11.1618,6044200,0.0000
2002-04-12,48.7500,52.0400,48.6000,51.1000,11.5180,4543700,0.0000
2002-04-05,50.3300,50.4500,48.4400,49.2700,11.1055,2540700,0.0000
2002-03-28,49.4000,49.9000,48.3700,49.5900,11.1776,1478300,0.0000
2002-03-22,49.2600,50.0300,48.4500,49.1300,11.0739,2347800,0.0000
2002-03-15,49.9500,50.5100,48.7600,49.0200,11.0491,3707600,0.0000
2002-03-08,50.7400,51.8700,49.4500,50.0000,11.2700,3450100,0.0000
2002-03-01,50.5500,52.0000,49.8200,52.0000,11.7208,2642300,0.0000
2002-02-22,49.5000,50.7600,49.1100,50.7100,11.4301,1422900,0.4700
2002-02-15,48.3000,51.2500,48.1400,51.0300,11.3944,2161800,0.0000
2002-02-08,47.6800,48.9000,47.1500,48.2200,10.7670,3326000,0.0000
2002-02-01,44.5100,48.0000,43.7200,47.7400,10.6598,3935400,0.0000
2002-01-25,45.7000,46.4600,44.6900,44.7700,9.9967,2338800,0.0000
2002-01-18,45.4300,45.6400,44.5500,45.0400,10.0569,2266200,0.0000
2002-01-11,44.6500,45.9500,43.9700,45.7000,10.2043,3198100,0.0000
2002-01-04,45.7000,46.9500,44.6000,45.0800,10.0659,2043600,0.0000
2001-12-28,45.2000,46.1100,44.6000,45.9400,10.2579,1313700,0.0000
2001-12-21,44.3000,45.0500,43.6800,45.0500,10.0592,1856400,0.0000
2001-12-14,45.6500,45.9800,43.9000,44.5000,9.9364,1994700,0.0000
2001-12-07,44.8000,46.1000,43.8700,45.2000,10.0927,2352400,0.0000
2001-11-30,45.0500,46.6000,44.1900,45.4500,10.1485,2768700,0.0000
2001-11-23,45.3000,46.9100,44.5000,45.6800,10.1998,2685700,0.0000
2001-11-16,46.7000,47.1600,45.4300,46.3500,10.3495,1829700,0.0000
2001-11-09,47.4000,48.1700,46.8600,47.1500,10.5281,1765900,0.0000
2001-11-02,45.1500,47.1700,44.1500,46.7100,10.4298,2544200,0.0000
2001-10-26,46.3400,46.8000,44.5400,45.0000,10.0480,1895900,0.0000
2001-10-19,45.8000,47.3700,45.6500,46.7500,10.4388,1427300,0.0000
2001-10-12,46.7500,47.5000,45.3300,46.1700,10.3093,1467100,0.0000
2001-10-05,46.0000,47.4500,45.4200,47.4500,10.5951,2937500,0.0000
2001-09-28,44.0000,46.7700,42.9500,46.7000,10.4276,3232100,0.0000
2001-09-21,45.6000,46.5900,40.9000,42.6000,9.5121,4839100,0.0000
2001-09-10,44.4000,45.5500,44.3600,45.1800,10.0882,903400,0.0000
2001-09-07,48.1500,48.1800,45.5900,45.5900,10.1798,3998300,0.0000
2001-08-31,48.0500,49.0300,47.9000,48.5000,10.8295,2721300,0.0000
2001-08-24,47.1000,49.4000,46.8500,47.9400,10.7045,1661500,0.2300
2001-08-17,48.5400,49.1000,46.6500,47.0000,10.4457,2169100,0.0000
2001-08-10,50.1000,50.7400,48.2600,49.6000,11.0235,1730300,0.0000
2001-08-03,49.7500,51.1400,49.5000,50.5100,11.2257,1633500,0.0000
2001-07-27,49.9500,49.9500,47.0000,49.5000,11.0013,1762600,0.0000
2001-07-20,47.8500,51.2000,47.3400,51.1100,11.3591,3708500,0.0000
2001-07-13,46.7600,48.3500,46.7000,48.3500,10.7457,1849600,0.0000
2001-07-06,46.7500,47.3600,46.5400,47.3500,10.5234,1942500,0.0000
2001-06-29,48.6400,49.2600,46.7000,46.7500,10.3901,1967000,0.0000
2001-06-22,49.8500,50.0000,48.4000,48.4000,10.7568,2553400,0.0000
2001-06-15,49.4500,50.0700,48.2000,49.8000,11.0680,2208400,0.0000
2001-06-08,49.0600,50.2400,49.0300,49.6900,11.0435,1543500,0.0000
2001-06-01,48.4500,49.0000,47.2000,48.6000,10.8013,2233500,0.0000
2001-05-25,50.0000,50.5500,48.2000,48.4500,10.7679,3804400,0.0000
2001-05-18,47.1000,50.1900,46.5900,49.9500,11.1013,3902000,0.0000
2001-05-11,46.3000,47.9500,46.2000,47.3500,10.5234,2042600,0.0000
2001-05-04,47.9000,47.9000,45.5800,46.2000,10.2679,4551000,0.0000
2001-04-27,47.6000,48.5000,46.3900,48.3800,10.7524,2520900,0.0000
2001-04-20,48.4000,48.8000,47.1500,47.2100,10.4923,2329500,0.0000
2001-04-12,49.2000,51.1000,47.4000,48.1000,10.6901,1625400,0.0000
2001-04-06,48.2800,49.7000,47.0000,49.0500,10.9013,2630500,0.0000
2001-03-30,46.2500,48.9200,46.2500,48.2500,10.7235,3484400,0.0000
2001-03-23,47.0000,48.4000,44.2100,46.2700,10.2834,4498700,0.0000
2001-03-16,46.4000,48.0000,43.9100,45.6600,10.1478,3471500,0.0000
2001-03-09,47.2600,47.2600,45.1000,46.5000,10.3345,2600100,0.0000
2001-03-02,45.0000,48.1000,44.8000,47.5000,10.5568,2212100,0.0000
2001-02-23,42.3800,46.5000,42.2000,45.1900,10.0434,3351000,0.4700
2001-02-16,44.7000,45.5500,42.7500,42.9500,9.4482,3564400,0.0000
2001-02-09,46.5000,46.9000,42.7500,44.1000,9.7011,4151200,0.0000
2001-02-02,44.9800,46.9000,43.9000,46.7400,10.2819,4092000,0.0000
2001-01-26,44.8800,45.7500,44.7500,44.9400,9.8859,2187800,0.0000
2001-01-19,47.3800,48.2500,44.8100,45.3100,9.9673,4810200,0.0000
2001-01-12,48.1300,48.7500,46.4400,46.8100,10.2973,4695200,0.0000
2001-01-05,51.0600,51.7500,47.3800,48.1900,10.6009,2619300,0.0000
2000-12-29,50.6200,52.2500,50.3100,51.5000,11.3290,970000,0.0000
2000-12-22,50.6300,52.3800,49.7500,50.3800,11.0826,2571900,0.0000
2000-12-15,48.1300,51.1300,47.1300,50.8100,11.1772,3612500,0.0000
2000-12-08,50.0000,51.0000,47.3100,48.8800,10.7527,3605600,0.0000
2000-12-01,48.5000,52.1300,48.3100,50.3100,11.0672,2189400,0.0000
2000-11-24,48.0600,48.7500,46.9400,48.0000,10.5591,1131200,0.0000
2000-11-17,49.5600,50.1300,46.1300,48.0000,10.5591,2995700,1.0700
2000-11-10,46.7500,49.6300,46.7500,49.5000,10.6519,3238100,0.0000
2000-11-03,47.1300,47.9400,46.3100,46.8800,10.0881,2969000,0.0000
2000-10-27,46.8800,48.3800,45.0600,47.2500,10.1677,3306400,0.0000
2000-10-20,50.3800,51.2500,46.5000,47.1300,10.1419,3955300,0.0000
2000-10-13,51.1900,52.3100,50.4400,51.6300,11.1102,2724600,0.0000
2000-10-06,51.2500,52.0000,50.0000,51.2500,11.0285,3546800,0.0000
2000-09-29,51.0600,53.2500,50.0000,52.5600,11.3104,3499700,0.0000
2000-09-22,45.9400,50.6900,45.8100,50.6300,10.8951,1478900,0.0000
2000-09-15,44.5600,46.8100,44.4400,45.6300,9.8191,1464300,0.0000
2000-09-08,46.0000,46.2500,43.8800,44.5600,9.5889,971400,0.2555
2000-09-01,46.1900,46.7500,44.5000,46.3800,9.9230,1401400,0.0000
2000-08-25,45.2500,46.5600,44.6300,46.1900,9.8823,600800,0.0000
2000-08-18,44.2500,45.9400,44.0600,45.2500,9.6812,659900,0.0000
2000-08-11,45.2500,45.5000,42.8800,43.6900,9.3474,2284700,0.0000
2000-08-04,44.2500,45.3800,42.4400,45.0600,9.6405,3649600,0.0000
2000-07-28,44.0000,44.8100,43.5000,44.2500,9.4672,1378500,0.0000
2000-07-21,43.6900,44.5600,43.0000,43.3800,9.2811,1847100,0.0000
2000-07-14,47.5600,48.5600,45.0000,45.1900,9.6684,1080400,0.0000
2000-07-07,46.5000,47.5600,46.3800,47.3100,10.1219,1145500,0.0000
2000-06-30,44.0000,46.9400,43.3100,46.5000,9.9486,1708800,0.0000
2000-06-23,42.6300,44.8800,42.6300,44.1900,9.4544,1266700,0.0000
2000-06-16,41.3800,42.6300,41.0000,42.5000,9.0928,1037800,0.0000
2000-06-09,41.3100,41.7500,40.3100,41.1900,8.8126,1011300,0.0000
2000-06-02,42.0000,43.5000,41.4400,42.3100,9.0522,555200,0.0000
2000-05-26,42.1900,42.5600,40.0600,41.3800,8.8532,1776000,0.0000
2000-05-19,43.2500,44.1300,40.1300,41.9400,8.9730,2380700,0.0000
2000-05-12,40.9400,43.8100,40.9400,43.7500,9.3603,1112300,0.0000
2000-05-05,42.0000,43.7500,39.7500,41.1900,8.8126,1547600,0.0000
2000-04-28,44.6900,45.5000,41.0000,42.1300,9.0137,1279000,0.0000
2000-04-20,42.5600,45.6300,42.0600,44.9400,9.6149,932700,0.0000
2000-04-14,43.2500,45.7500,42.7500,43.0000,9.1998,1799000,0.0000
2000-04-07,42.0000,45.1300,41.8800,43.5000,9.3068,2556600,0.0000
2000-03-31,43.3800,43.4400,39.5600,40.5000,8.6649,1457300,0.0000
2000-03-24,40.9400,44.6300,40.6300,43.6900,9.3474,1642400,0.0000
2000-03-17,40.3100,44.0000,39.1900,40.6900,8.7056,2290700,0.0000
2000-03-10,35.2500,40.3800,34.5000,40.3800,8.6393,3075000,0.4700
2000-03-03,33.8800,35.3800,32.8800,34.3100,7.2473,6079000,0.0000
2000-02-25,34.7500,35.1300,31.0000,32.5000,6.8649,2064700,0.0000
2000-02-18,34.6300,35.4400,34.0600,34.0600,7.1945,1847700,0.0000
2000-02-11,34.8800,38.0000,34.5000,34.8800,7.3677,2175800,0.0000
2000-02-04,37.3100,38.2500,35.0000,35.0600,7.4057,1737800,0.0000
2000-01-28,38.6900,39.5600,36.7500,37.6300,7.9486,2668900,0.0000
2000-01-21,40.0000,40.6300,38.0000,38.3100,8.0922,1355600,0.0000
2000-01-14,41.7500,42.1300,40.5000,41.1900,8.7005,2027400,0.0000
2000-01-07,41.3800,41.5000,39.0600,41.5000,8.7660,1524100,0.0000
1999-12-31,41.0000,42.5000,40.8100,41.7500,8.8188,487800,0.0000
1999-12-23,40.6300,41.0600,39.5000,41.0600,8.6731,1524200,0.0000
1999-12-17,43.2500,43.3800,40.1900,41.1900,8.7005,1686500,0.0000
1999-12-10,43.0000,45.5600,40.7500,44.8100,9.4652,2603000,0.0000
1999-12-03,46.5000,46.5000,43.5000,44.2500,9.3469,2408500,0.0000
1999-11-26,44.6300,46.8800,44.5000,46.5000,9.8222,509200,0.0000
1999-11-19,46.6900,46.8800,44.7500,45.0600,9.5180,942200,0.0000
1999-11-12,45.8800,47.6900,45.6300,46.9400,9.9151,592000,0.0000
