date,1. open,2. high,3. low,4. close,5. adjusted close,6. volume,7. dividend amount
1999-11-14,84.81,90.75,84.37,89.19,27.7604,270831600.0,0.0
1999-11-21,88.25,88.5,84.37,86.0,26.7675,147891900.0,0.0
1999-11-28,89.62,93.37,88.37,91.12,28.3611,121834600.0,0.0
1999-12-05,90.12,97.12,89.5,96.12,29.9174,142022200.0,0.0
1999-12-12,95.25,97.19,91.44,93.87,29.2171,115003700.0,0.0
1999-12-19,93.61,117.12,92.75,115.25,35.8716,293469200.0,0.0
1999-12-26,114.81,119.25,110.62,117.44,36.5532,83236700.0,0.0
2000-01-02,118.44,119.94,116.12,116.75,36.3385,54560000.0,0.0
2000-01-09,117.37,118.62,107.31,111.44,34.6857,144198600.0,0.0
2000-01-16,113.44,114.25,101.5,112.25,34.9379,157400000.0,0.0
2000-01-23,111.81,116.5,103.25,103.75,32.2922,151908900.0,0.0
2000-01-30,103.8,105.69,97.25,98.25,30.5803,147333000.0,0.0
2000-02-06,97.62,108.0,94.87,106.56,33.1668,148928900.0,0.0
2000-02-13,106.81,110.0,99.12,99.94,31.1064,160705800.0,0.0
2000-02-20,101.23,101.75,94.87,95.06,29.5875,188332600.0,0.0
2000-02-27,95.12,97.12,90.5,91.31,28.4203,138589000.0,0.0
2000-03-05,90.25,98.87,88.12,96.12,29.9174,224913400.0,0.0
2000-03-12,96.0,102.5,90.12,101.0,31.4363,248374100.0,0.0
2000-03-19,97.62,100.25,93.25,99.37,30.929,173495700.0,0.0
2000-03-26,98.75,115.0,96.5,111.69,34.7636,241909200.0,0.0
2000-04-02,107.77,108.94,102.37,106.25,33.0704,192686000.0,0.0
2000-04-09,94.44,96.5,84.94,89.06,27.72,336642600.0,0.0
2000-04-16,88.62,88.62,73.25,74.12,23.0699,265592500.0,0.0
2000-04-23,74.25,81.94,73.0,78.94,24.5701,158834800.0,0.0
2000-04-30,67.25,71.12,65.0,69.75,21.7097,368003400.0,0.0
2000-05-07,72.87,74.0,68.81,71.12,22.1361,170300700.0,0.0
2000-05-14,70.94,71.37,65.75,68.81,21.4171,130491400.0,0.0
2000-05-21,69.0,70.62,64.5,65.06,20.2499,127885300.0,0.0
2000-05-28,65.12,66.56,60.38,61.44,19.1232,181785700.0,0.0
2000-06-04,62.44,66.75,62.0,66.31,20.639,149237500.0,0.0
2000-06-11,66.02,72.12,66.0,68.81,21.4171,185102700.0,0.0
2000-06-18,69.0,73.12,66.12,72.56,22.5843,153922700.0,0.0
2000-06-25,72.56,82.19,72.0,77.69,24.181,203203100.0,0.0
2000-07-02,77.5,80.12,76.69,80.0,24.9,103811400.0,0.0
2000-07-09,79.69,82.87,78.25,82.0,25.5225,76292800.0,0.0
2000-07-16,80.69,81.31,77.19,78.94,24.5701,140124300.0,0.0
2000-07-23,78.25,79.56,71.87,72.31,22.5065,187662900.0,0.0
2000-07-30,72.06,72.12,67.25,69.69,21.691,177871000.0,0.0
2000-08-06,70.19,71.12,68.12,69.12,21.5136,129183700.0,0.0
2000-08-13,70.19,74.87,69.75,72.44,22.547,169670900.0,0.0
2000-08-20,72.31,73.37,70.0,71.0,22.0988,114834500.0,0.0
2000-08-27,70.69,72.44,69.94,70.62,21.9805,110204700.0,0.0
2000-09-03,70.19,72.75,69.69,70.19,21.8467,139762900.0,0.0
2000-09-10,70.0,72.06,69.19,69.31,21.5728,141068400.0,0.0
2000-09-17,69.12,69.69,63.31,64.19,19.9792,157219700.0,0.0
2000-09-24,64.25,65.75,61.0,63.25,19.6866,174784600.0,0.0
2000-10-01,63.25,65.87,58.63,60.31,18.7715,220879300.0,0.0
2000-10-08,60.5,60.81,54.5,55.56,17.2931,211641600.0,0.0
2000-10-15,55.63,56.94,52.13,53.75,16.7297,208168200.0,0.0
2000-10-22,53.5,66.12,48.44,65.19,20.2904,364471900.0,0.0
2000-10-29,64.62,69.19,60.19,67.69,21.0685,343160300.0,0.0
2000-11-05,67.5,70.84,67.37,68.25,21.2428,221268600.0,0.0
2000-11-12,68.69,72.37,66.81,67.37,20.9689,285067500.0,0.0
2000-11-19,66.69,71.5,64.41,69.06,21.495,213329900.0,0.0
2000-11-26,68.12,70.44,65.56,69.94,21.7689,125213600.0,0.0
2000-12-03,71.44,72.25,56.06,56.63,17.6261,309022400.0,0.0
2000-12-10,57.25,60.5,52.25,54.44,16.9445,269475300.0,0.0
2000-12-17,55.5,60.5,47.75,49.19,15.3104,222571900.0,0.0
2000-12-24,49.0,50.0,40.31,46.44,14.4545,324610900.0,0.0
2000-12-31,46.88,48.56,43.0,43.38,13.502,156771100.0,0.0
2001-01-07,44.13,50.5,42.88,49.13,15.2917,212093500.0,0.0
2001-01-14,48.94,55.75,46.69,53.5,16.6519,230290000.0,0.0
2001-01-21,53.38,61.44,51.13,61.0,18.9863,230222100.0,0.0
2001-01-28,60.75,64.31,58.94,64.0,19.92,218080300.0,0.0
2001-02-04,63.56,64.75,60.38,60.81,18.9271,183526100.0,0.0
2001-02-11,60.75,65.06,58.5,59.13,18.4042,231259700.0,0.0
2001-02-18,58.81,61.06,56.13,57.31,17.8378,170837300.0,0.0
2001-02-25,57.38,58.25,53.88,56.75,17.6635,159057500.0,0.0
2001-03-04,57.63,61.19,56.25,56.69,17.6448,216638100.0,0.0
2001-03-11,57.25,61.13,54.88,56.69,17.6448,167164700.0,0.0
2001-03-18,54.69,56.08,51.63,54.56,16.9818,240292500.0,0.0
2001-03-25,54.5,57.0,49.75,56.56,17.6043,251865300.0,0.0
2001-04-01,57.13,58.56,53.88,54.69,17.0223,207561200.0,0.0
2001-04-08,54.81,57.38,51.06,56.19,17.4892,240072100.0,0.0
2001-04-15,56.57,62.31,55.66,62.18,19.3535,181447300.0,0.0
2001-04-22,61.4,71.1,60.04,69.0,21.4763,329999100.0,0.0
2001-04-29,68.11,71.0,66.21,67.12,20.8911,249200900.0,0.0
2001-05-06,68.53,71.15,67.6,70.75,22.021,218373600.0,0.0
2001-05-13,70.83,72.15,68.65,69.4,21.6008,188290100.0,0.0
2001-05-20,69.13,70.14,67.25,68.09,21.193,197918800.0,0.0
2001-05-27,68.05,71.9,67.75,70.91,22.0708,207056900.0,0.0
2001-06-03,70.8,71.75,68.4,70.34,21.8934,142991400.0,0.0
2001-06-10,70.55,73.75,69.8,73.19,22.7804,166020300.0,0.0
2001-06-17,72.85,72.85,66.4,68.02,21.1713,174844700.0,0.0
2001-06-24,67.95,70.61,66.01,68.83,21.4234,152554200.0,0.0
2001-07-01,69.1,76.15,67.7,73.0,22.7213,202375900.0,0.0
2001-07-08,72.05,73.15,65.67,66.06,20.5612,108779000.0,0.0
2001-07-15,66.2,72.05,64.2,71.34,22.2046,196937200.0,0.0
2001-07-22,71.45,73.0,67.94,69.18,21.5323,188787800.0,0.0
2001-07-29,69.24,69.24,65.05,65.47,20.3776,182482500.0,0.0
2001-08-05,65.65,67.54,65.54,66.89,20.8195,127182900.0,0.0
2001-08-12,66.53,67.24,62.9,65.52,20.3931,105734200.0,0.0
2001-08-19,65.24,66.09,61.5,61.88,19.2602,102399700.0,0.0
2001-08-26,61.66,63.2,59.0,62.05,19.3131,144401200.0,0.0
2001-09-02,61.9,63.36,56.3,57.05,17.7568,147844200.0,0.0
2001-09-09,57.19,59.08,55.31,55.4,17.2433,179440200.0,0.0
2001-09-16,54.92,57.95,54.7,57.58,17.9218,42235900.0,0.0
2001-09-23,54.02,55.1,47.5,49.71,15.4723,320297300.0,0.0
2001-09-30,50.65,53.0,48.0,51.17,15.9267,213438800.0,0.0
2001-10-07,50.94,58.4,50.41,57.72,17.9654,215341000.0,0.0
2001-10-14,56.8,58.65,53.0,56.38,17.5483,196741100.0,0.0
2001-10-21,55.9,59.3,55.5,57.9,18.0214,188942100.0,0.0
2001-10-28,57.9,63.63,57.47,62.2,19.3598,185808800.0,0.0
2001-11-04,62.1,63.02,58.1,61.4,19.1108,185128100.0,0.0
2001-11-11,61.86,66.06,61.75,65.21,20.2966,158077000.0,0.0
2001-11-18,64.7,68.34,63.65,65.75,20.4647,171854500.0,0.0
2001-11-25,66.25,67.8,63.48,64.71,20.141,94233300.0,0.0
2001-12-02,64.99,65.71,62.73,64.21,19.9854,144803900.0,0.0
2001-12-09,63.83,69.0,63.8,67.83,21.1121,135410800.0,0.0
2001-12-16,67.52,68.45,65.93,67.44,20.9907,118407000.0,0.0
2001-12-23,67.17,69.89,66.62,67.54,21.0219,162111900.0,0.0
2001-12-30,67.72,69.07,67.2,67.87,21.1246,51111700.0,0.0
2002-01-06,67.84,69.91,65.51,68.9,21.4452,105726200.0,0.0
2002-01-13,69.75,70.62,68.0,68.61,21.3549,152919500.0,0.0
2002-01-20,68.3,70.0,65.42,66.1,20.5737,179884500.0,0.0
2002-01-27,66.61,66.63,63.24,63.8,19.8578,145053700.0,0.0
2002-02-03,64.23,64.5,61.33,62.66,19.5029,149708200.0,0.0
2002-02-10,62.4,62.69,58.83,60.65,18.8773,163890500.0,0.0
2002-02-17,60.01,62.99,59.59,60.23,18.7466,128744400.0,0.0
2002-02-24,59.91,60.36,57.15,57.99,18.0494,116750400.0,0.0
2002-03-03,57.94,61.42,57.89,61.37,19.1014,155521000.0,0.0
2002-03-10,61.24,64.7,60.87,63.95,19.9045,148003500.0,0.0
2002-03-17,63.51,65.0,60.97,62.49,19.45,137709600.0,0.0
2002-03-24,62.74,63.0,59.83,60.45,18.8151,115686600.0,0.0
2002-03-31,60.48,60.92,58.31,60.31,18.7715,104164600.0,0.0
2002-04-07,59.83,60.4,55.42,55.87,17.3896,156190300.0,0.0
2002-04-14,54.3,57.43,54.26,55.93,17.4082,161451200.0,0.0
2002-04-21,56.0,58.28,52.68,57.2,17.8035,166766200.0,0.0
2002-04-28,56.52,56.7,51.46,51.5,16.0294,150517000.0,0.0
2002-05-05,51.47,54.07,49.51,49.56,15.4256,187340100.0,0.0
2002-05-12,49.44,55.0,48.35,50.05,15.5781,201811900.0,0.0
2002-05-19,50.45,56.44,49.75,56.03,17.4394,154058000.0,0.0
2002-05-26,55.5,55.55,51.85,53.26,16.5772,128400000.0,0.0
2002-06-02,53.59,53.69,50.88,50.91,15.8458,112338100.0,0.0
2002-06-09,50.99,52.6,49.17,51.98,16.1788,209977300.0,0.0
2002-06-16,51.65,55.78,51.46,55.25,17.1966,235798700.0,0.0
2002-06-23,55.66,56.44,52.28,52.28,16.2722,228236600.0,0.0
2002-06-30,52.09,55.79,51.05,54.7,17.0254,243023900.0,0.0
2002-07-07,54.12,54.9,50.45,54.85,17.0721,132949100.0,0.0
2002-07-14,54.41,54.93,51.25,51.86,16.1414,232217200.0,0.0
2002-07-21,51.39,53.3,48.0,49.56,15.4256,267876000.0,0.0
2002-07-28,48.95,49.99,41.41,45.35,14.1152,418694300.0,0.0
2002-08-04,46.85,48.83,43.8,44.41,13.8226,253332600.0,0.0
2002-08-11,44.29,49.15,43.81,48.12,14.9774,205902100.0,0.0
2002-08-18,47.61,50.74,46.92,50.0,15.5625,210887500.0,0.0
2002-08-25,50.04,53.45,49.85,52.22,16.2535,180908000.0,0.0
2002-09-01,52.5,52.65,48.52,49.08,15.2762,171205800.0,0.0
2002-09-08,48.52,48.6,45.88,47.82,14.884,157520900.0,0.0
2002-09-15,47.25,51.1,46.63,47.91,14.912,183161200.0,0.0
2002-09-22,47.6,48.9,46.59,47.46,14.7719,207929100.0,0.0
2002-09-29,46.6,47.5,44.63,45.25,14.0841,241453200.0,0.0
2002-10-06,44.87,46.81,43.11,43.77,13.6234,271022000.0,0.0
2002-10-13,43.81,48.9,43.25,48.87,15.2108,277972000.0,0.0
2002-10-20,48.25,53.2,47.84,53.15,16.543,320223700.0,0.0
2002-10-27,51.97,53.37,50.9,52.68,16.3967,240831700.0,0.0
2002-11-03,53.4,54.07,50.85,53.0,16.4963,237973300.0,0.0
2002-11-10,56.75,57.25,55.01,55.1,17.1499,235125600.0,0.0
2002-11-17,55.07,57.0,53.82,56.69,17.6448,201490300.0,0.0
2002-11-24,56.95,58.3,54.31,58.22,18.121,181924700.0,0.0
2002-12-01,58.06,58.64,56.78,57.68,17.9529,106909100.0,0.0
2002-12-08,58.65,58.96,54.22,55.47,17.2651,173095200.0,0.0
2002-12-15,55.0,55.22,52.49,52.5,16.3406,158633300.0,0.0
2002-12-22,53.0,54.99,52.67,53.04,16.5087,176690400.0,0.0
2002-12-29,53.05,54.69,52.9,52.97,16.4869,72652000.0,0.0
2003-01-05,53.01,53.8,51.26,53.79,16.7422,114400200.0,0.0
2003-01-12,54.02,56.3,53.8,55.92,17.4051,167038900.0,0.0
2003-01-19,56.52,57.32,51.31,51.46,16.0169,205946900.0,0.0
2003-01-26,51.87,52.54,49.7,49.85,15.5158,173754500.0,0.0
2003-02-02,49.32,50.6,47.03,47.46,14.7719,251304800.0,0.0
2003-02-09,47.93,49.1,46.41,46.58,14.498,210788300.0,0.0
2003-02-16,46.8,48.5,46.0,48.3,15.0334,196846600.0,0.0
2003-02-23,24.62,24.99,23.7,24.63,15.3822,183360850.0,0.08
2003-03-02,24.44,24.5,23.3,23.7,14.8014,319632400.0,0.0
2003-03-09,24.02,24.12,22.9,23.56,14.7139,283450300.0,0.0
2003-03-16,23.31,24.96,22.55,24.86,15.5258,330936500.0,0.0
2003-03-23,24.52,26.8,24.33,26.57,16.5938,410130000.0,0.0
2003-03-30,25.55,25.93,24.59,24.67,15.4072,276001800.0,0.0
2003-04-06,24.25,26.09,24.01,25.09,15.6695,302604600.0,0.0
2003-04-13,26.23,26.43,23.95,24.2,15.1136,319809400.0,0.0
2003-04-20,24.27,25.74,24.0,25.5,15.9255,259533900.0,0.0
2003-04-27,25.61,25.99,25.03,25.22,15.7507,261322100.0,0.0
2003-05-04,25.39,26.29,25.25,26.1,16.3003,272512900.0,0.0
2003-05-11,26.25,26.5,25.71,26.36,16.4626,259126000.0,0.0
2003-05-18,26.15,26.47,25.41,25.57,15.9693,249494800.0,0.0
2003-05-25,25.4,25.54,23.89,24.22,15.1261,387099900.0,0.0
2003-06-01,24.25,24.91,24.22,24.61,15.3697,320501800.0,0.0
2003-06-08,24.98,25.22,23.65,23.67,14.7826,446360900.0,0.0
2003-06-15,23.72,25.25,23.6,24.65,15.3947,351369100.0,0.0
2003-06-22,24.8,26.43,24.67,26.33,16.4439,431506000.0,0.0
2003-06-29,26.14,26.51,25.14,25.63,16.0067,292686700.0,0.0
2003-07-06,25.94,26.95,25.39,26.5,16.5501,242509300.0,0.0
2003-07-13,27.02,27.8,26.59,27.31,17.0559,318886400.0,0.0
2003-07-20,27.63,27.81,26.54,26.89,16.7936,300064300.0,0.0
2003-07-27,26.87,26.95,25.98,26.89,16.7936,257829600.0,0.0
2003-08-03,26.94,27.0,26.12,26.17,16.344,263444200.0,0.0
2003-08-10,26.15,26.54,25.43,25.58,15.9755,244446200.0,0.0
2003-08-17,25.61,25.99,25.43,25.54,15.9505,179225400.0,0.0
2003-08-24,25.56,26.95,25.46,26.22,16.3752,305158600.0,0.0
2003-08-31,26.31,26.67,25.96,26.52,16.5626,195027000.0,0.0
2003-09-07,26.7,28.75,26.47,28.38,17.7242,307472000.0,0.0
2003-09-14,28.39,28.92,27.45,28.34,17.6992,238774500.0,0.0
2003-09-21,28.37,29.97,28.32,29.96,18.7109,300416400.0,0.0
2003-09-28,29.39,30.0,28.14,28.19,17.6055,295932200.0,0.0
2003-10-05,28.41,29.46,27.75,29.08,18.1614,264536500.0,0.0
2003-10-12,29.15,29.37,28.67,28.91,18.0552,233651500.0,0.0
2003-10-19,28.98,29.31,28.48,28.93,18.1671,223606200.0,0.16
2003-10-26,28.95,29.43,26.42,26.61,16.7102,409676000.0,0.0
2003-11-02,26.91,27.25,25.91,26.14,16.4151,379276300.0,0.0
2003-11-09,26.35,26.75,26.0,26.1,16.39,329324700.0,0.0
2003-11-16,26.12,26.23,25.44,25.5,16.0132,357543000.0,0.0
2003-11-23,25.39,25.84,24.84,25.11,15.7683,467180400.0,0.0
2003-11-30,25.33,25.95,25.28,25.71,16.1451,288288600.0,0.0
2003-12-07,25.9,26.48,25.5,25.98,16.3146,463971200.0,0.0
2003-12-14,26.12,26.81,25.81,26.65,16.7354,425367900.0,0.0
2003-12-21,27.05,27.55,26.68,27.36,17.1812,354585100.0,0.0
2003-12-28,27.16,27.43,26.97,27.21,17.087,115504900.0,0.0
2004-01-04,27.21,27.77,27.16,27.45,17.2377,161519900.0,0.0
2004-01-11,27.73,28.48,27.59,27.66,17.3696,294473400.0,0.0
2004-01-18,27.67,27.88,27.26,27.81,17.4638,273795600.0,0.0
2004-01-25,27.99,28.76,27.85,28.48,17.8845,322323400.0,0.0
2004-02-01,28.49,28.83,27.47,27.65,17.3633,297108900.0,0.0
2004-02-08,27.63,27.8,26.83,27.08,17.0054,274270700.0,0.0
2004-02-15,27.18,27.23,26.5,26.59,16.6977,249492500.0,0.0
2004-02-22,26.7,27.11,26.43,26.57,16.6851,213474200.0,0.0
2004-02-29,26.75,26.99,26.35,26.53,16.66,294828200.0,0.0
2004-03-07,26.65,26.72,26.2,26.35,16.547,277115000.0,0.0
2004-03-14,26.31,26.35,25.07,25.38,15.9378,380308700.0,0.0
2004-03-21,25.33,25.46,24.56,24.63,15.4669,400043100.0,0.0
2004-03-28,24.53,25.51,24.01,25.03,15.718,464149000.0,0.0
2004-04-04,25.24,25.9,24.85,25.85,16.233,348520900.0,0.0
2004-04-11,25.8,25.98,25.35,25.48,16.0006,211355800.0,0.0
2004-04-18,25.48,25.77,25.1,25.16,15.7997,282363400.0,0.0
2004-04-25,25.08,27.72,25.06,27.54,17.2942,511223400.0,0.0
2004-05-02,27.46,27.55,25.96,26.13,16.4088,386909500.0,0.0
2004-05-09,26.21,26.6,25.75,25.78,16.189,304238400.0,0.0
2004-05-16,25.64,26.19,25.43,25.86,16.2393,294321000.0,0.0
2004-05-23,25.48,26.27,25.42,25.89,16.2581,283260200.0,0.0
2004-05-30,26.04,26.35,25.6,26.23,16.4716,259637300.0,0.0
2004-06-06,26.12,26.28,25.86,25.95,16.2958,197137900.0,0.0
2004-06-13,26.02,26.79,25.97,26.77,16.8107,222161000.0,0.0
2004-06-20,26.56,28.5,26.53,28.35,17.8029,488638200.0,0.0
2004-06-27,28.23,28.66,27.81,28.57,17.9411,411012400.0,0.0
2004-07-04,28.63,28.84,28.17,28.57,17.9411,331071700.0,0.0
2004-07-11,28.32,28.33,27.55,27.86,17.4952,244789000.0,0.0
2004-07-18,27.69,28.36,27.25,27.48,17.2566,289853700.0,0.0
2004-07-25,27.62,29.89,27.6,28.03,17.602,572896600.0,0.0
2004-08-01,28.37,28.81,28.13,28.49,17.8908,327776100.0,0.0
2004-08-08,28.27,28.55,27.06,27.14,17.0431,283695500.0,0.0
2004-08-15,27.25,27.75,25.95,27.02,16.9677,256220400.0,0.0
2004-08-22,27.08,27.5,26.89,27.2,17.0807,262858700.0,0.0
2004-08-29,27.27,27.67,27.09,27.46,17.2947,202634400.0,0.08
2004-09-05,27.3,27.68,26.85,27.11,17.0742,225629900.0,0.0
2004-09-12,27.29,27.51,27.14,27.49,17.3135,207740700.0,0.0
2004-09-19,27.54,27.57,26.74,27.51,17.3261,257999400.0,0.0
2004-09-26,27.43,27.74,27.07,27.29,17.1876,295812600.0,0.0
2004-10-03,27.18,28.32,27.04,28.25,17.7922,308918800.0,0.0
2004-10-10,28.42,28.59,27.97,27.99,17.6285,264991600.0,0.0
2004-10-17,28.2,28.27,27.799,27.99,17.6285,241981800.0,0.0
2004-10-24,28.06,28.89,27.58,27.74,17.471,373356600.0,0.0
2004-10-31,27.68,28.54,27.42,27.97,17.6159,353958400.0,0.0
2004-11-07,28.15,29.36,27.96,29.31,18.4598,425220100.0,0.0
2004-11-14,29.19,30.2,29.13,29.97,18.8755,546928700.0,0.0
2004-11-21,27.35,27.5,26.84,26.86,18.8191,376879800.0,3.08
2004-11-28,26.76,26.82,24.86,26.6,18.6369,247338400.0,0.0
2004-12-05,26.635,27.44,26.61,27.23,19.0783,415516000.0,0.0
2004-12-12,27.1,27.44,26.91,27.08,18.9732,416563600.0,0.0
2004-12-19,27.1,27.4,26.7951,26.96,18.8891,543141500.0,0.0
2004-12-26,27.02,27.17,26.78,27.01,18.9241,309652700.0,0.0
2005-01-02,27.02,27.1,26.679,26.72,18.721,261944200.0,0.0
2005-01-09,26.8,27.1,26.62,26.67,18.6859,392522300.0,0.0
2005-01-16,26.6,26.86,26.04,26.12,18.3006,390071600.0,0.0
2005-01-23,26.03,26.35,25.64,25.65,17.9713,262141600.0,0.0
2005-01-30,25.77,26.65,25.64,26.18,18.3426,405236700.0,0.0
2005-02-06,26.35,26.52,26.1,26.32,18.4407,332545200.0,0.0
2005-02-13,26.27,26.34,25.81,25.97,18.1955,352614200.0,0.0
2005-02-20,26.0118,26.12,25.4,25.48,17.9073,336868100.0,0.08
2005-02-27,25.24,25.49,25.15,25.25,17.7456,327812600.0,0.0
2005-03-06,25.22,25.48,25.1296,25.17,17.6894,322103600.0,0.0
2005-03-13,25.17,25.79,25.06,25.09,17.6332,316021800.0,0.0
2005-03-20,25.08,25.24,24.28,24.31,17.085,408338500.0,0.0
2005-03-27,24.35,24.47,23.9599,24.28,17.0639,331673700.0,0.0
2005-04-03,24.4,24.47,23.82,24.12,16.9515,310621300.0,0.0
2005-04-10,24.11,25.25,23.94,24.94,17.5277,339174000.0,0.0
2005-04-17,25.03,25.45,24.41,24.46,17.1904,343244900.0,0.0
2005-04-24,24.45,25.39,24.3,24.98,17.5559,407295900.0,0.0
2005-05-01,25.07,25.3,24.44,25.3,17.7808,365919300.0,0.0
2005-05-08,25.23,25.48,24.95,25.22,17.7245,332793600.0,0.0
2005-05-15,25.23,25.38,24.64,25.3,17.7808,335315800.0,0.0
2005-05-22,25.23,26.05,24.31,25.74,18.1468,278308200.0,0.08
2005-05-29,25.75,26.09,25.5,26.07,18.3794,278015000.0,0.0
2005-06-05,25.97,26.03,25.34,25.43,17.9282,207624100.0,0.0
2005-06-12,25.38,25.83,25.31,25.43,17.9282,232865700.0,0.0
2005-06-19,25.36,25.49,24.92,25.04,17.6533,300852300.0,0.0
2005-06-26,24.98,25.62,24.93,25.04,17.6533,355246100.0,0.0
2005-07-03,25.07,25.32,24.67,24.71,17.4206,322290800.0,0.0
2005-07-10,24.66,25.19,24.5,25.09,17.6885,262285000.0,0.0
2005-07-17,25.15,26.1,25.11,25.79,18.182,295639000.0,0.0
2005-07-24,25.71,26.48,25.55,25.68,18.1045,434873900.0,0.0
2005-07-31,25.69,26.0,25.53,25.61,18.0551,258891400.0,0.0
2005-08-07,25.82,27.94,25.76,27.76,19.5709,511953100.0,0.0
2005-08-14,27.8,27.84,26.85,27.05,19.0703,305441100.0,0.0
2005-08-21,26.98,27.3008,26.66,26.72,18.8932,222189700.0,0.08
2005-08-28,26.79,27.17,26.74,26.97,19.07,229714300.0,0.0
2005-09-04,26.82,27.44,26.81,27.02,19.1053,300703100.0,0.0
2005-09-11,27.06,27.29,26.52,26.58,18.7942,184813200.0,0.0
2005-09-18,26.58,26.76,25.97,26.07,18.4336,406684500.0,0.0
2005-09-25,26.09,26.27,25.12,25.27,17.8679,328869200.0,0.0
2005-10-02,25.4,26.0,25.21,25.73,18.1932,300472600.0,0.0
2005-10-09,25.71,25.7326,24.52,24.59,17.3871,413185600.0,0.0
2005-10-16,24.67,25.59,24.25,24.67,17.4437,320781300.0,0.0
2005-10-23,24.68,25.13,24.4399,24.78,17.5215,311088900.0,0.0
2005-10-30,24.89,25.6001,24.68,25.53,18.0518,319482000.0,0.0
2005-11-06,25.61,26.71,25.5,26.66,18.8508,352445200.0,0.0
2005-11-13,26.72,27.3901,26.6399,27.28,19.2892,322019000.0,0.0
2005-11-20,27.36,28.25,27.2,28.07,19.9055,385292400.0,0.08
2005-11-27,28.07,28.2402,27.465,27.76,19.6857,284671500.0,0.0
2005-12-04,27.79,28.101,27.53,28.01,19.863,278968000.0,0.0
2005-12-11,27.93,28.02,27.55,27.71,19.6502,281479100.0,0.0
2005-12-18,27.7,27.75,26.81,26.9,19.0758,400679500.0,0.0
2005-12-25,26.82,26.91,26.419,26.64,18.8914,329407700.0,0.0
2006-01-01,26.68,26.85,26.1,26.15,18.544,156803500.0,0.0
2006-01-08,26.25,27.13,26.1,26.91,19.0829,287157100.0,0.0
2006-01-15,26.93,27.39,26.59,27.19,19.2815,278080400.0,0.0
2006-01-22,26.9,27.24,26.26,26.41,18.7283,250476300.0,0.0
2006-01-29,26.41,27.9501,26.22,27.79,19.7069,374068400.0,0.0
2006-02-05,27.79,28.38,27.34,27.54,19.5297,397385400.0,0.0
2006-02-12,27.5,27.54,26.51,26.69,18.9269,289113900.0,0.0
2006-02-19,26.61,26.93,26.34,26.7,18.9974,258330500.0,0.09
2006-02-26,26.66,26.8901,26.34,26.63,18.9476,185372100.0,0.0
2006-03-05,26.75,27.3,26.67,26.93,19.161,256467900.0,0.0
2006-03-12,26.92,27.5,26.81,27.17,19.3318,248873300.0,0.0
2006-03-19,26.979,27.66,26.94,27.5,19.5666,331725100.0,0.0
2006-03-26,27.69,28.22,26.62,27.01,19.218,428830300.0,0.0
2006-04-02,27.02,27.541,26.81,27.21,19.3603,288381900.0,0.0
2006-04-09,27.67,27.941,27.23,27.25,19.3887,243749500.0,0.0
2006-04-16,27.2,27.44,26.97,27.07,19.2606,142728400.0,0.0
2006-04-23,27.01,27.5,26.7,27.15,19.3176,241356300.0,0.0
2006-04-30,27.06,27.63,24.0,24.15,17.183,818292700.0,0.0
2006-05-07,24.33,25.0,23.14,23.8,16.934,879723200.0,0.0
2006-05-14,23.85,25.0,23.05,23.17,16.4857,408635300.0,0.0
2006-05-21,23.1,24.0,22.52,22.56,16.1141,443555800.0,0.09
2006-05-28,22.48,23.9201,22.45,23.72,16.9427,404579600.0,0.0
2006-06-04,23.55,23.76,22.62,22.76,16.257,326865900.0,0.0
2006-06-11,22.72,22.73,21.97,22.03,15.7356,421043600.0,0.0
2006-06-18,21.95,22.28,21.4599,22.1,15.7856,542650300.0,0.0
2006-06-25,22.14,23.17,22.12,22.5,16.0713,449022900.0,0.0
2006-07-02,22.65,23.65,22.63,23.3,16.6427,404754000.0,0.0
2006-07-09,23.53,23.72,23.3,23.3,16.6427,186748900.0,0.0
2006-07-16,23.43,23.66,22.23,22.29,15.9213,357219600.0,0.0
2006-07-23,22.29,24.15,22.26,23.87,17.0498,436378000.0,0.0
2006-07-30,24.01,24.6,23.77,24.25,17.3213,311697200.0,0.0
2006-08-06,24.07,24.4901,23.85,24.29,17.3498,224730800.0,0.0
2006-08-13,24.28,24.64,24.19,24.43,17.4498,201448300.0,0.0
2006-08-20,24.52,25.8,24.35,25.79,18.4886,323289600.0,0.09
2006-08-27,25.66,26.2501,25.5,25.85,18.5316,291408400.0,0.0
2006-09-03,25.84,26.0,25.63,25.84,18.5244,165160300.0,0.0
2006-09-10,25.69,25.96,25.39,25.6,18.3524,182516500.0,0.0
2006-09-17,25.43,26.94,25.42,26.85,19.2485,345945900.0,0.0
2006-09-24,26.74,27.25,26.48,26.66,19.1123,270058100.0,0.0
2006-10-01,26.81,27.52,26.79,27.35,19.6069,267367500.0,0.0
2006-10-08,27.32,28.11,27.15,27.87,19.9797,292904900.0,0.0
2006-10-15,27.8,28.69,27.42,28.37,20.3382,355111200.0,0.0
2006-10-22,28.48,28.7001,28.12,28.43,20.3812,224116800.0,0.0
2006-10-29,28.3,28.79,28.04,28.34,20.3167,309676000.0,0.0
2006-11-05,28.35,28.99,28.32,28.73,20.5962,284853300.0,0.0
2006-11-12,28.77,29.4,28.66,29.24,20.9619,321623300.0,0.0
2006-11-19,29.19,29.64,29.07,29.4,21.1487,287912700.0,0.1
2006-11-26,29.52,30.0001,29.5,29.76,21.4076,216514300.0,0.0
2006-12-03,29.69,29.78,28.8999,29.12,20.9472,309653900.0,0.0
2006-12-10,29.23,29.52,28.8,29.4,21.1487,304979500.0,0.0
2006-12-17,29.19,30.23,29.11,30.19,21.7169,410894100.0,0.0
2006-12-24,30.19,30.26,29.53,29.64,21.3213,212253200.0,0.0
2006-12-31,29.53,30.15,29.4,29.86,21.4796,136777100.0,0.0
2007-01-07,29.91,30.25,29.4,29.64,21.3213,167316800.0,0.0
2007-01-14,29.65,31.39,29.43,31.21,22.4507,353311000.0,0.0
2007-01-21,31.26,31.45,30.69,31.11,22.3787,253090400.0,0.0
2007-01-28,31.06,31.48,30.45,30.6,22.0119,357325300.0,0.0
2007-02-04,30.65,31.1,30.13,30.19,21.7169,309232200.0,0.0
2007-02-11,29.97,30.02,28.93,28.98,20.8465,362100800.0,0.0
2007-02-18,28.89,29.69,28.6499,28.74,20.7452,331909500.0,0.1
2007-02-25,28.63,29.54,28.47,28.9,20.8607,244124600.0,0.0
2007-03-04,28.96,29.12,27.73,27.76,20.0378,380388900.0,0.0
2007-03-11,27.49,27.94,26.6,27.28,19.6913,310161000.0,0.0
2007-03-18,27.18,27.48,26.71,27.33,19.7274,304228600.0,0.0
2007-03-25,27.34,28.55,27.2,28.02,20.2255,268577300.0,0.0
2007-04-01,27.94,28.22,27.4,27.87,20.1172,243109200.0,0.0
2007-04-08,27.89,28.78,27.56,28.55,20.608,175174300.0,0.0
2007-04-15,28.575,28.72,27.99,28.61,20.6513,193842900.0,0.0
2007-04-22,28.6,29.1,28.21,29.02,20.9473,209649000.0,0.0
2007-04-29,28.96,30.74,28.59,30.12,21.7413,312509900.0,0.0
2007-05-06,30.13,31.0,29.9,30.56,22.0589,408437500.0,0.0
2007-05-13,30.52,30.98,30.48,30.89,22.2971,270999700.0,0.0
2007-05-20,30.84,31.14,30.58,30.83,22.3258,290534600.0,0.1
2007-05-27,30.73,31.16,29.96,30.48,22.0723,239931300.0,0.0
2007-06-03,30.49,31.16,30.39,30.59,22.152,224509800.0,0.0
2007-06-10,30.42,30.76,29.41,30.05,21.7609,257234600.0,0.0
2007-06-17,29.94,30.88,29.77,30.49,22.0796,329883500.0,0.0
2007-06-24,30.69,30.72,29.45,29.49,21.3554,281861500.0,0.0
2007-07-01,29.47,29.97,29.04,29.47,21.3409,272963800.0,0.0
2007-07-08,29.67,30.22,29.49,29.97,21.703,187898100.0,0.0
2007-07-15,29.86,30.11,29.18,29.82,21.5944,244337300.0,0.0
2007-07-22,29.76,31.84,29.72,31.16,22.5648,409429100.0,0.0
2007-07-29,31.36,31.52,29.36,29.3901,21.2831,319829900.0,0.0
2007-08-05,29.405,29.79,28.82,28.9601,20.9717,323533700.0,0.0
2007-08-12,29.075,30.1,28.26,28.71,20.7906,311132800.0,0.0
2007-08-19,28.94,28.99,27.51,28.25,20.5298,304749200.0,0.1
2007-08-26,28.18,28.84,27.87,28.81,20.9368,224547200.0,0.0
2007-09-02,28.61,28.93,27.82,28.73,20.8787,198670200.0,0.0
2007-09-09,28.5,29.1,28.32,28.44,20.6679,190951100.0,0.0
2007-09-16,28.67,29.26,28.41,29.04,21.1039,182778300.0,0.0
2007-09-23,28.79,28.965,28.27,28.6499,20.8204,414046100.0,0.0
2007-09-30,28.81,29.85,28.8,29.46,21.4092,329644000.0,0.0
2007-10-07,29.46,29.99,29.29,29.84,21.6853,198090200.0,0.0
2007-10-14,29.66,30.63,29.6,30.17,21.9251,208029500.0,0.0
2007-10-21,30.09,31.23,30.0,30.17,21.9251,313937900.0,0.0
2007-10-28,30.12,36.03,30.12,35.03,25.457,644430400.0,0.0
2007-11-04,34.85,37.5,34.35,37.06,26.9322,656057300.0,0.0
2007-11-11,36.76,37.1,33.65,33.73,24.5123,510229200.0,0.0
2007-11-18,33.32,34.75,33.02,34.09,24.853,408367700.0,0.11
2007-11-25,33.96,34.97,33.71,34.11,24.8675,286021500.0,0.0
2007-12-02,34.09,34.37,32.68,33.6,24.4957,377759800.0,0.0
2007-12-09,33.5,34.7,32.63,34.53,25.1737,291447500.0,0.0
2007-12-16,34.64,35.84,33.93,35.31,25.7424,299539000.0,0.0
2007-12-23,35.03,36.0625,34.21,36.06,26.2892,311967600.0,0.0
2007-12-30,36.13,36.72,35.67,36.12,26.3329,126633300.0,0.0
2008-01-06,35.9,35.99,34.09,34.38,25.0644,219924300.0,0.0
2008-01-13,34.55,34.8,33.35,33.91,24.7217,361252000.0,0.0
2008-01-20,34.46,34.57,32.51,33.01,24.0656,446486700.0,0.0
2008-01-27,31.54,35.0,31.04,32.94,24.0146,598751500.0,0.0
2008-02-03,33.02,33.25,30.25,30.4498,22.1991,650255700.0,0.0
2008-02-10,30.49,30.72,27.9,28.56,20.8214,685685200.0,0.0
2008-02-17,28.52,29.05,27.91,28.42,20.7193,467445800.0,0.0
2008-02-24,28.8,28.96,27.2,27.68,20.2586,385799300.0,0.11
2008-03-02,27.65,28.86,27.02,27.1999,19.9072,494511600.0,0.0
2008-03-09,27.24,28.41,26.87,27.87,20.3977,438685000.0,0.0
2008-03-16,27.83,29.49,27.64,27.96,20.4635,436676700.0,0.0
2008-03-23,27.3,29.59,27.28,29.18,21.3564,289797700.0,0.0
2008-03-30,29.33,29.4,27.83,27.91,20.4269,240450200.0,0.0
2008-04-06,27.88,29.58,27.84,29.16,21.3418,244898400.0,0.0
2008-04-13,29.55,29.59,28.21,28.28,20.6977,254966700.0,0.0
2008-04-20,28.24,30.1,27.93,30.0,21.9566,254237700.0,0.0
2008-04-27,30.2,32.1,29.6,29.83,21.8322,480762300.0,0.0
2008-05-04,29.8,29.835,28.45,29.24,21.4004,394359100.0,0.0
2008-05-11,29.95,30.23,28.93,29.39,21.5101,423255800.0,0.0
2008-05-18,29.35,30.53,29.35,29.99,22.0303,336837900.0,0.11
2008-05-25,29.89,29.89,27.95,28.05,20.6052,296601500.0,0.0
2008-06-01,28.05,28.7,28.04,28.32,20.8036,210751400.0,0.0
2008-06-08,28.24,28.36,27.2,27.49,20.1939,397776700.0,0.0
2008-06-15,27.61,29.57,27.11,29.07,21.3545,449517200.0,0.0
2008-06-22,29.01,29.19,28.1,28.23,20.7375,328171600.0,0.0
2008-06-29,28.28,28.67,27.46,27.63,20.2967,327143100.0,0.0
2008-07-06,27.65,27.98,25.6,25.98,19.0846,221825946.0,0.0
2008-07-13,26.1,26.39,24.87,25.25,18.5484,318699800.0,0.0
2008-07-20,25.11,27.91,24.93,25.86,18.9965,472799000.0,0.0
2008-07-27,25.67,26.84,25.44,26.16,19.2169,385416500.0,0.0
2008-08-03,25.93,26.49,25.07,25.44,18.688,321234900.0,0.0
2008-08-10,25.36,28.23,25.11,28.13,20.664,403815800.0,0.0
2008-08-17,27.86,28.5,27.56,27.81,20.4289,279721700.0,0.0
2008-08-24,27.78,28.05,26.86,27.84,20.5333,211452900.0,0.11
2008-08-31,27.61,28.01,27.13,27.29,20.1277,229239100.0,0.0
2008-09-07,27.665,27.76,25.63,25.65,18.9181,271654000.0,0.0
2008-09-14,26.21,27.74,25.67,27.62,20.3711,371453200.0,0.0
2008-09-21,26.92,27.49,23.5,25.16,18.5567,568268600.0,0.0
2008-09-28,26.22,27.56,25.32,27.4,20.2088,474587100.0,0.0
2008-10-05,26.94,27.66,25.0089,26.32,19.4122,538642000.0,0.0
2008-10-12,25.63,25.99,20.65,21.5,15.8573,824330600.0,0.0
2008-10-19,22.86,25.73,21.31,23.93,17.6495,718711400.0,0.0
2008-10-26,24.2,25.01,20.89,21.96,16.1965,652618500.0,0.0
2008-11-02,21.67,23.97,21.02,22.33,16.4694,551852700.0,0.0
2008-11-09,22.48,23.66,20.86,21.5,15.8573,381992200.0,0.0
2008-11-16,21.845,21.97,18.74,20.06,14.7952,480321800.0,0.0
2008-11-23,19.74,20.24,17.5,19.68,14.6111,606030700.0,0.13
2008-11-30,19.89,20.94,19.55,20.22,15.012,326567100.0,0.0
2008-12-07,19.875,19.98,18.47,19.87,14.7522,411006600.0,0.0
2008-12-14,20.35,21.25,18.7,19.36,14.3735,410885800.0,0.0
2008-12-21,19.34,20.18,18.89,19.12,14.1953,430826900.0,0.0
2008-12-28,19.24,19.57,18.89,19.13,14.2028,146068200.0,0.0
2009-01-04,19.15,20.4,18.64,20.33,15.0937,198239900.0,0.0
2009-01-11,20.2,21.0,19.41,19.52,14.4923,312339200.0,0.0
2009-01-18,19.71,19.99,18.52,19.71,14.6334,374068400.0,0.0
2009-01-25,19.46,19.62,16.75,17.2,12.7699,497671100.0,0.0
2009-02-01,17.29,18.31,17.1,17.1,12.6956,329880700.0,0.0
2009-02-08,17.01,19.93,17.0,19.66,14.5963,413296000.0,0.0
2009-02-15,19.69,19.8,18.54,19.09,14.1731,317487800.0,0.0
2009-02-22,18.49,18.5,17.66,18.0,13.4599,249409600.0,0.13
2009-03-01,18.02,18.15,16.1,16.15,12.0765,476020000.0,0.0
2009-03-08,16.035,16.4,14.87,15.28,11.4259,412893700.0,0.0
2009-03-15,15.2,17.2,15.1,16.65,12.4504,422845400.0,0.0
2009-03-22,16.78,17.65,16.24,17.06,12.7569,340940700.0,0.0
2009-03-29,17.37,18.88,17.31,18.13,13.5571,307016700.0,0.0
2009-04-05,17.74,19.89,17.27,18.75,14.0207,419435900.0,0.0
2009-04-12,18.54,19.7,18.265,19.67,14.7086,225459800.0,0.0
2009-04-19,19.69,19.85,18.51,19.2,14.3572,310053700.0,0.0
2009-04-26,18.89,21.2,18.47,20.91,15.6359,437861300.0,0.0
2009-05-03,20.55,21.1,19.79,20.24,15.1349,374870800.0,0.0
2009-05-10,20.37,20.4,19.14,19.42,14.5217,317112800.0,0.0
2009-05-17,19.2,20.5,19.01,20.22,15.1199,300840500.0,0.0
2009-05-24,20.36,20.74,19.47,19.75,14.863,240444300.0,0.13
2009-05-31,19.54,20.94,19.45,20.89,15.7209,179500300.0,0.0
2009-06-07,21.0,22.31,20.86,22.14,16.6616,264201600.0,0.0
2009-06-14,21.98,23.38,21.63,23.33,17.5571,277273600.0,0.0
2009-06-21,23.23,24.34,23.02,24.07,18.114,435179500.0,0.0
2009-06-28,23.95,23.95,23.2,23.35,17.5722,305182700.0,0.0
2009-07-05,23.6,24.3,23.21,23.37,17.5872,249637900.0,0.0
2009-07-12,23.21,23.28,22.0,22.39,16.8497,265284000.0,0.0
2009-07-19,22.42,24.45,22.14,24.29,18.2796,297686600.0,0.0
2009-07-26,24.44,25.72,22.81,23.45,17.6474,487215100.0,0.0
2009-08-02,23.44,24.43,22.9,23.52,17.7001,346943500.0,0.0
2009-08-09,23.82,24.25,23.27,23.56,17.7302,255287200.0,0.0
2009-08-16,23.46,23.9,23.03,23.692,17.8296,216134700.0,0.0
2009-08-23,23.32,24.42,23.23,24.41,18.4712,231691900.0,0.13
2009-08-30,24.41,25.49,24.28,24.68,18.6755,240543800.0,0.0
2009-09-06,24.57,24.85,23.76,24.62,18.6301,232092300.0,0.0
2009-09-13,24.62,25.17,24.41,24.86,18.8117,204196900.0,0.0
2009-09-20,24.65,25.48,24.64,25.26,19.1144,248024500.0,0.0
2009-09-27,25.11,26.25,25.1,25.55,19.3338,257317100.0,0.0
2009-10-04,25.6,26.16,24.43,24.96,18.8874,274119500.0,0.0
2009-10-11,24.98,25.9,24.52,25.55,19.3338,248114200.0,0.0
2009-10-18,25.66,26.71,25.52,26.5,20.0527,234381300.0,0.0
2009-10-25,26.49,29.35,25.94,28.02,21.2029,507781600.0,0.0
2009-11-01,28.125,29.02,27.66,27.73,20.9834,405975200.0,0.0
2009-11-08,27.7,28.74,27.41,28.52,21.5812,268212300.0,0.0
2009-11-15,28.62,29.79,28.53,29.63,22.4212,281482500.0,0.0
2009-11-22,29.61,30.14,29.37,29.62,22.5107,283824400.0,0.13
2009-11-29,29.84,30.01,28.75,29.22,22.2067,140565500.0,0.0
2009-12-06,29.15,30.37,29.0,29.98,22.7843,232290700.0,0.0
2009-12-13,29.78,30.08,29.25,29.85,22.6855,209882600.0,0.0
2009-12-20,29.91,30.45,29.57,30.36,23.0731,277671400.0,0.0
2009-12-27,30.4,31.0,30.37,31.0,23.5595,115896700.0,0.0
2010-01-03,31.0,31.5,30.48,30.48,23.1643,129036100.0,0.0
2010-01-10,30.62,31.1,30.19,30.66,23.3011,248098200.0,0.0
2010-01-17,30.71,31.24,29.91,30.86,23.4531,329671600.0,0.0
2010-01-24,30.75,31.24,28.84,28.96,22.0091,276516500.0,0.0
2010-01-31,29.24,29.92,27.66,28.18,21.4163,505364600.0,0.0
2010-02-07,28.39,28.79,27.57,28.02,21.2947,360552800.0,0.0
2010-02-14,28.01,28.4,27.57,27.93,21.2263,307718600.0,0.0
2010-02-21,28.13,29.03,28.02,28.77,21.965,185126800.0,0.13
2010-02-28,28.84,28.94,28.02,28.67,21.8886,221245100.0,0.0
2010-03-07,28.77,29.3,28.24,28.5875,21.8257,284263800.0,0.0
2010-03-14,28.52,29.38,28.5,29.27,22.3467,201627400.0,0.0
2010-03-21,29.18,29.9,29.01,29.59,22.591,249798500.0,0.0
2010-03-28,29.5,30.57,29.39,29.66,22.6445,242496700.0,0.0
2010-04-04,29.71,29.86,28.62,29.16,22.2627,206818900.0,0.0
2010-04-11,29.13,30.41,28.98,30.34,23.1636,258483100.0,0.0
2010-04-18,30.25,31.0,30.13,30.67,23.4156,288833100.0,0.0
2010-04-25,30.77,31.58,30.65,30.96,23.637,384127100.0,0.0
2010-05-02,31.0,31.4333,30.52,30.535,23.3125,312818100.0,0.0
2010-05-09,30.67,31.0606,27.32,28.21,21.5375,495240000.0,0.0
2010-05-16,29.01,29.73,28.57,28.93,22.0872,306112300.0,0.0
2010-05-23,29.12,29.23,26.44,26.84,20.5847,366078000.0,0.13
2010-05-30,26.85,26.86,24.56,25.8,19.787,552699900.0,0.0
2010-06-06,25.53,26.93,25.52,25.79,19.7794,299540400.0,0.0
2010-06-13,25.82,25.83,24.65,25.66,19.6797,402593800.0,0.0
2010-06-20,25.86,26.67,25.47,26.44,20.2779,281383000.0,0.0
2010-06-27,26.78,26.89,24.31,24.5325,18.8149,413577000.0,0.0
2010-07-04,24.51,24.61,22.73,23.27,17.8467,429441900.0,0.0
2010-07-11,23.7,24.62,23.584,24.27,18.6136,258121500.0,0.0
2010-07-18,24.43,25.64,24.42,24.89,19.0891,306590500.0,0.0
2010-07-25,24.96,26.02,24.7,25.81,19.7947,338546300.0,0.0
2010-08-01,25.86,26.41,25.35,25.81,19.7947,350607800.0,0.0
2010-08-08,25.99,26.38,25.02,25.55,19.5953,311358400.0,0.0
2010-08-15,25.55,25.73,24.24,24.4,18.7133,336605100.0,0.0
2010-08-22,24.36,24.96,24.2,24.23,18.6807,244265900.0,0.13
2010-08-29,24.44,24.6403,23.51,23.93,18.4494,275615000.0,0.0
2010-09-05,23.74,24.45,23.32,24.29,18.727,289789800.0,0.0
2010-09-12,24.1,24.3,23.74,23.85,18.3877,221754300.0,0.0
2010-09-19,24.2,25.53,24.09,25.22,19.444,372932600.0,0.0
2010-09-26,25.28,25.52,24.36,24.775,19.1009,294964400.0,0.0
2010-10-03,24.84,24.99,24.3,24.38,18.7964,267898400.0,0.0
2010-10-10,23.96,24.75,23.78,24.57,18.9428,318209900.0,0.0
2010-10-17,24.74,25.55,24.43,25.54,19.6907,273969700.0,0.0
2010-10-24,25.59,25.95,24.95,25.3775,19.5654,246635300.0,0.0
2010-10-31,25.24,27.2,25.06,26.665,20.558,379945600.0,0.0
2010-11-07,26.88,27.49,26.53,26.85,20.7007,431122500.0,0.0
2010-11-14,26.68,27.11,26.1,26.27,20.2535,309522000.0,0.0
2010-11-21,26.33,26.5,25.55,25.69,19.9291,287370700.0,0.16
2010-11-28,25.65,25.74,25.09,25.25,19.5878,201275400.0,0.0
2010-12-05,25.19,27.06,24.93,27.02,20.9609,350390400.0,0.0
2010-12-12,26.93,27.4,26.76,27.34,21.2091,220565600.0,0.0
2010-12-19,27.27,28.09,27.1725,27.9025,21.6455,326785300.0,0.0
2010-12-26,27.95,28.4,27.68,28.3,21.9538,158118800.0,0.0
2011-01-02,28.12,28.2,27.63,27.91,21.6513,109735600.0,0.0
2011-01-09,28.05,28.85,27.77,28.6,22.1866,328636400.0,0.0
2011-01-16,28.26,28.59,27.91,28.3,21.9538,290269600.0,0.0
2011-01-23,28.16,28.74,28.02,28.02,21.7366,220022500.0,0.0
2011-01-30,28.02,29.46,27.45,27.751,21.5279,457301200.0,0.0
2011-02-06,27.77,28.11,27.42,27.77,21.5427,274416000.0,0.0
2011-02-13,27.8,28.34,27.07,27.25,21.1393,317402300.0,0.0
2011-02-20,27.205,27.37,26.6,27.06,21.1165,297575700.0,0.16
2011-02-27,26.78,27.1,26.43,26.55,20.7185,238623600.0,0.0
2011-03-06,26.69,26.86,25.8,25.9525,20.2522,298801800.0,0.0
2011-03-13,26.13,26.27,25.35,25.68,20.0396,271774600.0,0.0
2011-03-20,25.49,25.76,24.68,24.8,19.3529,379249800.0,0.0
2011-03-27,25.18,25.95,25.15,25.62,19.9928,217469200.0,0.0
2011-04-03,25.66,25.72,25.3,25.48,19.8835,258083900.0,0.0
2011-04-10,25.45,26.31,25.41,26.07,20.3439,260688500.0,0.0
2011-04-17,26.19,26.25,25.09,25.37,19.7977,229671700.0,0.0
2011-04-24,25.1,26.0,24.72,25.52,19.9147,205438400.0,0.0
2011-05-01,25.56,26.87,25.34,25.92,20.2269,554932000.0,0.0
2011-05-08,25.94,26.25,25.48,25.87,20.1878,346603800.0,0.0
2011-05-15,25.8,25.96,24.95,25.03,19.5323,382307400.0,0.0
2011-05-22,24.96,25.07,24.25,24.49,19.2357,311399200.0,0.16
2011-05-29,24.21,25.03,24.03,24.76,19.4477,263556100.0,0.0
2011-06-05,24.96,25.1,23.84,23.905,18.7762,246415300.0,0.0
2011-06-12,24.05,24.25,23.69,23.705,18.6191,230302200.0,0.0
2011-06-19,23.79,24.45,23.65,24.26,19.055,280381700.0,0.0
2011-06-26,24.17,24.86,24.16,24.3,19.0864,309192000.0,0.0
2011-07-03,24.23,26.17,24.23,26.02,20.4374,344568900.0,0.0
2011-07-10,26.1,26.98,25.9,26.92,21.1443,196816700.0,0.0
2011-07-17,26.62,27.01,26.34,26.78,21.0343,227695600.0,0.0
2011-07-24,26.63,27.64,26.26,27.53,21.6234,339145900.0,0.0
2011-07-31,27.26,28.145,27.19,27.4,21.5213,442763800.0,0.0
2011-08-07,27.51,27.685,25.23,25.68,20.1703,395323900.0,0.0
2011-08-14,25.02,25.62,24.03,25.1,19.7148,543823200.0,0.0
2011-08-21,25.24,25.7,23.91,24.05,19.0093,344816700.0,0.16
2011-08-28,24.42,25.34,23.79,25.25,19.9578,279870300.0,0.0
2011-09-04,25.53,26.86,25.37,25.8,20.3925,259910600.0,0.0
2011-09-11,25.2,26.66,25.11,25.74,20.3451,227231400.0,0.0
2011-09-18,25.605,27.27,25.27,27.12,21.4358,328067400.0,0.0
2011-09-25,26.8,27.5,24.6,25.06,19.8076,335333900.0,0.0
2011-10-02,25.19,26.37,24.73,24.89,19.6732,284882300.0,0.0
2011-10-09,24.72,26.51,24.26,26.25,20.7482,349992200.0,0.0
2011-10-16,26.58,27.5,26.47,27.27,21.5544,227902500.0,0.0
2011-10-23,27.1139,27.47,26.4,27.16,21.4675,287742000.0,0.0
2011-10-30,27.06,27.4,26.1,26.98,21.3252,305706800.0,0.0
2011-11-06,26.755,27.0,25.7,26.25,20.7482,263900000.0,0.0
2011-11-13,26.21,27.2,26.06,26.91,21.2699,223780500.0,0.0
2011-11-20,26.8799,27.0,25.15,25.3,20.1469,249939900.0,0.2
2011-11-27,25.24,25.25,24.3,24.3,19.3505,186351300.0,0.0
2011-12-04,24.94,25.63,24.69,25.22,20.0832,269873900.0,0.0
2011-12-11,25.78,25.87,25.335,25.7,20.4654,279971400.0,0.0
2011-12-18,25.41,26.17,25.29,26.0,20.7043,289075400.0,0.0
2011-12-25,26.02,26.19,25.44,26.03,20.7282,236158300.0,0.0
2012-01-01,25.96,26.15,25.76,25.96,20.6724,101122300.0,0.0
2012-01-08,26.55,28.19,26.39,28.105,22.3805,300784500.0,0.0
2012-01-15,28.05,28.25,27.37,28.25,22.496,294870500.0,0.0
2012-01-22,28.4,29.74,27.97,29.71,23.6586,377212300.0,0.0
2012-01-29,29.55,29.95,29.07,29.23,23.2764,280303600.0,0.0
2012-02-05,28.97,30.4,28.83,30.24,24.0807,263158900.0,0.0
2012-02-12,30.04,30.8,29.97,30.495,24.2837,212028100.0,0.0
2012-02-19,30.63,31.55,29.85,31.25,25.0495,301016700.0,0.2
2012-02-26,31.18,31.68,31.0,31.48,25.2339,170693200.0,0.0
2012-03-04,31.24,32.44,31.1,32.075,25.7108,263780900.0,0.0
2012-03-11,32.01,32.21,31.49,31.99,25.6427,202889100.0,0.0
2012-03-18,31.97,32.95,31.82,32.6,26.1316,239706900.0,0.0
2012-03-25,32.535,32.61,31.72,32.01,25.6587,191946300.0,0.0
2012-04-01,32.19,32.7,31.81,32.255,25.8551,183165900.0,0.0
2012-04-08,32.22,32.46,31.05,31.52,25.2659,178430200.0,0.0
2012-04-15,31.22,31.4,30.23,30.81,24.6968,206254900.0,0.0
2012-04-22,30.99,32.89,30.77,32.42,25.9873,273865400.0,0.0
2012-04-29,32.31,32.52,31.83,31.98,25.6346,246492000.0,0.0
2012-05-06,31.98,32.335,30.92,30.98,24.8331,206343300.0,0.0
2012-05-13,30.7,31.54,30.1,31.16,24.9773,232577500.0,0.0
2012-05-20,30.82,31.04,29.17,29.27,23.6177,267124700.0,0.2
2012-05-27,29.1,29.88,28.64,29.06,23.4482,225546000.0,0.0
2012-06-03,29.38,29.72,28.44,28.45,22.956,175112600.0,0.0
2012-06-10,28.62,29.7,28.32,29.65,23.9243,220846100.0,0.0
2012-06-17,29.73,30.08,28.82,30.02,24.2229,216457700.0,0.0
2012-06-24,29.99,31.14,29.71,30.7,24.7715,264217500.0,0.0
2012-07-01,30.3001,30.69,29.42,30.59,24.6828,214975800.0,0.0
2012-07-08,30.62,30.78,29.95,30.185,24.356,118623900.0,0.0
2012-07-15,30.12,30.23,28.54,29.39,23.7145,210008400.0,0.0
2012-07-22,29.48,31.05,29.04,30.115,24.2995,213447200.0,0.0
2012-07-29,29.57,29.85,28.78,29.755,24.009,237998700.0,0.0
2012-08-05,29.75,29.94,28.97,29.75,24.005,173627600.0,0.0
2012-08-12,30.0,30.65,29.81,30.42,24.5456,134463400.0,0.0
2012-08-19,30.35,30.94,30.01,30.9,25.0984,150328600.0,0.2
2012-08-26,30.82,30.96,30.08,30.56,24.8223,137296700.0,0.0
2012-09-02,30.93,30.96,30.22,30.82,25.0334,142558000.0,0.0
2012-09-09,30.45,31.36,30.15,30.95,25.139,173227500.0,0.0
2012-09-16,30.83,31.25,30.4,31.21,25.3502,194961700.0,0.0
2012-09-23,31.19,31.61,30.91,31.19,25.334,267795000.0,0.0
2012-09-30,31.0,31.07,29.74,29.76,24.1725,257123500.0,0.0
2012-10-07,29.81,30.25,29.42,29.85,24.2456,228806300.0,0.0
2012-10-14,29.64,29.92,28.8,29.2,23.7176,210053400.0,0.0
2012-10-21,29.37,29.74,28.5,28.64,23.2627,284095000.0,0.0
2012-10-28,28.73,28.83,27.76,28.21,22.9135,312983500.0,0.0
2012-11-04,28.55,29.77,28.5,29.4998,23.9611,198643600.0,0.0
2012-11-11,29.62,30.2,28.8,28.83,23.4171,232477100.0,0.0
2012-11-18,28.94,29.01,26.3449,26.5209,21.7244,383926500.0,0.23
2012-11-25,26.8,27.77,26.46,27.7,22.6903,228455700.0,0.0
2012-12-02,27.54,27.58,26.49,26.615,21.8015,336477300.0,0.0
2012-12-09,26.78,26.98,26.26,26.455,21.6704,256579500.0,0.0
2012-12-16,26.56,27.62,26.52,26.81,21.9612,230437800.0,0.0
2012-12-23,26.79,27.73,26.68,27.45,22.4855,297436700.0,0.0
2012-12-30,27.2,27.25,26.55,26.55,21.7482,120107400.0,0.0
2013-01-06,26.59,27.73,26.37,26.74,21.9039,196464300.0,0.0
2013-01-13,26.77,26.98,26.28,26.83,21.9776,257804800.0,0.0
2013-01-20,26.9,27.47,26.76,27.25,22.3216,241499900.0,0.0
2013-01-27,27.3,28.23,27.0,27.88,22.8377,292625300.0,0.0
2013-02-03,28.01,28.225,27.4,27.93,22.8787,254975500.0,0.0
2013-02-10,27.87,28.02,27.1,27.55,22.5674,199186800.0,0.0
2013-02-17,27.65,28.16,27.5,28.01,22.9442,192268300.0,0.0
2013-02-24,27.8801,28.2,27.23,27.76,22.9259,163396000.0,0.23
2013-03-03,27.97,28.05,27.33,27.95,23.0828,205019700.0,0.0
2013-03-10,27.85,28.54,27.7,28.0,23.1241,197902700.0,0.0
2013-03-17,27.94,28.16,27.64,28.035,23.153,253601200.0,0.0
2013-03-24,27.88,28.49,27.81,28.25,23.3306,195112900.0,0.0
2013-03-31,28.3,28.66,27.96,28.605,23.6237,163479500.0,0.0
2013-04-07,28.64,28.95,28.11,28.7,23.7022,188910900.0,0.0
2013-04-14,28.73,30.32,28.47,28.79,23.7765,377419500.0,0.0
2013-04-21,28.65,30.24,28.5,29.765,24.5817,318668200.0,0.0
2013-04-28,30.29,32.84,30.28,31.79,26.2541,303603028.0,0.0
2013-05-05,31.8,33.52,31.77,33.49,27.6581,281456600.0,0.0
2013-05-12,33.42,33.91,32.32,32.69,26.9974,218465000.0,0.0
2013-05-19,32.61,34.87,32.55,34.87,28.9953,259251200.0,0.23
2013-05-26,34.73,35.2725,33.9,34.269,28.4956,253047800.0,0.0
2013-06-02,34.42,35.28,34.41,34.9,29.0202,193921000.0,0.0
2013-06-09,34.92,35.78,34.43,35.67,29.6605,241183000.0,0.0
2013-06-16,35.51,35.65,34.25,34.4,28.6045,211650600.0,0.0
2013-06-23,34.69,35.17,33.05,33.265,27.6607,248935000.0,0.0
2013-06-30,32.94,34.79,32.57,34.545,28.7251,243386900.0,0.0
2013-07-07,34.75,34.99,33.581,34.21,28.4465,110765700.0,0.0
2013-07-14,34.35,35.77,33.98,35.67,29.6605,176513700.0,0.0
2013-07-21,35.66,36.4299,31.02,31.4,26.1099,405781800.0,0.0
2013-07-28,31.7,32.19,31.205,31.62,26.2928,299500800.0,0.0
2013-08-04,31.47,32.12,31.4,31.89,26.5174,190326400.0,0.0
2013-08-11,31.9,33.07,31.25,32.7,27.1909,191229200.0,0.0
2013-08-18,32.46,33.36,30.84,31.8,26.6312,179681700.0,0.23
2013-08-25,31.76,35.2,31.37,34.75,29.1017,344954900.0,0.0
2013-09-01,34.4,34.67,32.8,33.4,27.9712,263641400.0,0.0
2013-09-08,31.75,32.07,30.95,31.152,26.0885,443907400.0,0.0
2013-09-15,31.2208,33.07,31.2,33.03,27.6613,219356400.0,0.0
2013-09-22,33.38,33.68,32.685,32.791,27.4611,346587600.0,0.0
2013-09-29,32.5401,33.75,32.15,33.27,27.8623,193270600.0,0.0
2013-10-06,33.0,34.03,32.7,33.88,28.3731,195216900.0,0.0
2013-10-13,33.6,34.14,32.8,34.13,28.5825,184873900.0,0.0
2013-10-20,33.9,34.99,33.78,34.96,29.2776,183138200.0,0.0
2013-10-27,34.98,36.29,33.57,35.73,29.9224,293176200.0,0.0
2013-11-03,35.61,35.79,35.26,35.525,29.7508,189030400.0,0.0
2013-11-10,35.59,38.22,35.55,37.78,31.6392,265866600.0,0.0
2013-11-17,37.69,38.16,36.9,37.841,31.6903,200266700.0,0.0
2013-11-24,37.35,37.68,36.67,37.57,31.7031,180829100.0,0.28
2013-12-01,37.93,38.29,37.35,38.13,32.1757,113204600.0,0.0
2013-12-08,38.09,38.98,37.18,38.36,32.3698,299806100.0,0.0
2013-12-15,38.56,38.9,36.62,36.69,30.9606,184046900.0,0.0
2013-12-22,36.73,37.11,35.53,36.8,31.0534,237423200.0,0.0
2013-12-29,36.81,37.62,36.55,37.29,31.4669,71547500.0,0.0
2014-01-05,37.22,37.58,36.6,36.91,31.1462,95561000.0,0.0
2014-01-12,36.85,36.89,35.4,36.04,30.4121,216443300.0,0.0
2014-01-19,35.99,37.0,34.63,36.38,30.699,216624000.0,0.0
2014-01-26,36.82,37.55,35.52,36.805,31.0576,173821100.0,0.0
2014-02-02,36.87,37.89,35.75,37.84,31.931,261570800.0,0.0
2014-02-09,37.74,37.985,35.69,36.56,30.8509,243187700.0,0.0
2014-02-16,36.63,37.86,36.29,37.62,31.7453,155003200.0,0.0
2014-02-23,37.63,38.35,37.21,37.98,32.2889,128131800.0,0.28
2014-03-02,37.69,38.46,37.19,38.31,32.5695,178981800.0,0.0
2014-03-09,37.92,38.48,37.495,37.9,32.2209,127213800.0,0.0
2014-03-16,37.99,38.45,37.5058,37.7,32.0509,134082400.0,0.0
2014-03-23,37.9,40.94,37.79,40.16,34.1423,260132300.0,0.0
2014-03-30,40.34,40.99,39.34,40.3,34.2613,210110900.0,0.0
2014-04-06,40.43,41.66,39.64,39.87,33.8957,189707200.0,0.0
2014-04-13,39.96,40.69,39.0,39.209,33.3338,181167900.0,0.0
2014-04-20,39.11,40.415,38.9,40.01,34.0148,133280500.0,0.0
2014-04-27,40.13,40.68,39.3,39.91,33.9297,173139100.0,0.0
2014-05-04,40.14,41.29,39.66,39.69,33.7427,187909100.0,0.0
2014-05-11,39.52,39.9,38.51,39.54,33.6152,153085800.0,0.0
2014-05-18,39.74,40.5,39.27,39.83,34.0963,136266400.0,0.28
2014-05-25,39.61,40.37,39.46,40.12,34.3445,106478800.0,0.0
2014-06-01,40.26,40.97,39.81,40.94,35.0465,106327900.0,0.0
2014-06-08,40.95,41.66,39.86,41.48,35.5088,115707900.0,0.0
2014-06-15,41.39,41.565,40.29,41.23,35.2948,104305800.0,0.0
2014-06-22,41.04,41.91,40.335,41.68,35.68,141414000.0,0.0
2014-06-29,41.73,42.29,41.43,42.25,36.1679,163546500.0,0.0
2014-07-06,42.17,42.21,41.53,41.8,35.7827,93899900.0,0.0
2014-07-13,41.75,42.12,41.05,42.09,36.031,117554200.0,0.0
2014-07-20,42.22,45.71,42.03,44.69,38.2567,239535600.0,0.0
2014-07-27,44.56,45.45,44.22,44.5,38.094,190526100.0,0.0
2014-08-03,44.36,44.51,42.6,42.86,36.6901,152076500.0,0.0
2014-08-10,42.97,43.47,42.21,43.2,36.9812,144435400.0,0.0
2014-08-17,43.26,44.895,43.0,44.79,38.3423,125596700.0,0.0
2014-08-24,44.94,45.47,44.68,45.15,38.8892,120367600.0,0.28
2014-08-31,45.4,45.44,44.61,45.43,39.1304,91859400.0,0.0
2014-09-07,45.43,45.93,44.53,45.91,39.5438,119999500.0,0.0
2014-09-14,46.02,47.02,45.99,46.695,40.22,180738000.0,0.0
2014-09-21,46.54,47.57,46.1,47.52,40.9306,341800600.0,0.0
2014-09-28,47.3,47.38,45.76,46.41,39.9745,158422366.0,0.0
2014-10-05,45.98,46.56,45.61,46.09,39.6988,154785202.0,0.0
2014-10-12,46.12,46.89,43.95,44.03,37.9245,165764217.0,0.0
2014-10-19,43.82,44.56,42.1,43.63,37.58,225166061.0,0.0
2014-10-26,43.06,46.9,42.81,46.13,39.7333,211077436.0,0.0
2014-11-02,45.71,46.97,45.71,46.95,40.4396,155628209.0,0.0
2014-11-09,46.89,48.92,46.73,48.68,41.9297,128149243.0,0.0
2014-11-16,48.65,50.045,48.52,49.58,42.7049,137829519.0,0.0
2014-11-23,49.41,49.705,47.57,47.98,41.5896,144887937.0,0.31
2014-11-30,47.99,48.195,47.28,47.81,41.4423,112141541.0,0.0
2014-12-07,47.88,49.06,47.71,48.42,41.971,138158386.0,0.0
2014-12-14,48.26,48.35,46.67,46.95,40.6968,144735690.0,0.0
2014-12-21,47.2,48.1,44.9,47.66,41.3122,216676750.0,0.0
2014-12-28,47.78,48.8,47.71,47.88,41.5029,74863120.0,0.0
2015-01-04,47.7,47.78,46.45,46.76,40.5321,80290512.0,0.0
2015-01-11,46.37,47.82,45.49,47.19,40.9048,158596624.0,0.0
2015-01-18,47.42,47.91,45.17,46.24,40.0814,157088136.0,0.0
2015-01-25,46.3,47.39,45.48,47.18,40.8962,137352632.0,0.0
2015-02-01,47.0,47.1339,40.35,40.4,35.0192,437786778.0,0.0
2015-02-08,40.59,42.79,40.23,42.41,36.7615,215214514.0,0.0
2015-02-15,42.24,43.87,42.18,43.87,38.027,172847964.0,0.0
2015-02-22,43.97,44.0,43.05,43.855,38.2844,118131959.0,0.31
2015-03-01,43.7,44.3,43.65,43.85,38.2801,150315390.0,0.0
2015-03-08,43.67,44.19,42.15,42.36,36.9793,148863715.0,0.0
2015-03-15,42.19,43.125,40.61,41.38,36.1238,221483208.0,0.0
2015-03-22,41.47,42.98,41.15,42.88,37.4333,216925266.0,0.0
2015-03-29,42.88,43.17,40.83,40.97,35.7659,167126270.0,0.0
2015-04-05,41.1,41.54,40.12,40.29,35.1723,144289679.0,0.0
2015-04-12,40.34,41.95,40.18,41.72,36.4206,146532368.0,0.0
2015-04-19,41.4,42.46,41.16,41.615,36.329,146761915.0,0.0
2015-04-26,41.73,48.14,41.68,47.87,41.7894,274379045.0,0.0
2015-05-03,47.23,49.54,47.22,48.655,42.4747,271446305.0,0.0
2015-05-10,48.37,48.87,46.02,47.75,41.6847,205178261.0,0.0
2015-05-17,47.55,48.905,46.42,48.295,42.1604,150345879.0,0.0
2015-05-24,47.98,48.22,46.82,46.9,41.2094,125890515.0,0.31
2015-05-31,46.83,48.02,46.19,46.86,41.1743,112720759.0,0.0
2015-06-07,47.06,47.77,45.84,46.14,40.5416,131521410.0,0.0
2015-06-14,46.3,46.92,45.46,45.97,40.3922,126223826.0,0.0
2015-06-21,45.45,46.825,45.0201,46.1,40.5065,185524263.0,0.0
2015-06-28,46.33,46.72,45.03,45.26,39.7684,151556711.0,0.0
2015-07-05,45.04,45.23,43.94,44.4,39.0127,120123050.0,0.0
2015-07-12,43.96,45.22,43.32,44.61,39.1973,157146118.0,0.0
2015-07-19,44.975,46.78,44.9501,46.62,40.9634,133426984.0,0.0
2015-07-26,46.65,47.33,45.1,45.94,40.3659,198833485.0,0.0
2015-08-02,45.94,47.4,44.79,46.7,41.0337,185955595.0,0.0
2015-08-09,46.98,48.41,46.26,46.74,41.0688,130800424.0,0.0
2015-08-16,46.95,47.49,45.705,47.0,41.2973,126616447.0,0.0
2015-08-23,46.81,47.45,43.07,43.07,38.0923,182450672.0,0.31
2015-08-30,40.45,44.15,39.72,43.93,38.8529,301968189.0,0.0
2015-09-06,43.74,43.98,41.66,42.61,37.6855,187226056.0,0.0
2015-09-13,43.3,44.4,42.745,43.48,38.4549,124438408.0,0.0
2015-09-20,43.43,45.0,42.86,43.48,38.4549,171822261.0,0.0
2015-09-27,43.62,44.73,43.27,43.94,38.8617,128698573.0,0.0
2015-10-04,43.83,45.57,43.05,45.57,40.3034,163532824.0,0.0
2015-10-11,45.745,47.54,45.7,47.11,41.6654,151964927.0,0.0
2015-10-18,46.98,47.54,46.5,47.51,42.0192,118094352.0,0.0
2015-10-25,47.42,54.07,47.02,52.87,46.7597,277318659.0,0.0
2015-11-01,52.53,54.37,52.5,52.64,46.5563,239455823.0,0.0
2015-11-08,52.85,54.98,52.62,54.92,48.5728,168289451.0,0.0
2015-11-15,54.55,54.87,52.53,52.84,46.7332,196522294.0,0.0
2015-11-22,53.08,54.66,52.85,54.19,48.2529,158718818.0,0.36
2015-11-29,54.25,54.46,53.58,53.93,48.0213,82850240.0,0.0
2015-12-06,54.54,56.23,53.93,55.91,49.7844,226060572.0,0.0
2015-12-13,55.79,56.1,54.01,54.06,48.1371,171286323.0,0.0
2015-12-20,54.33,56.79,53.68,54.13,48.1994,250317860.0,0.0
2015-12-27,54.88,55.96,54.2262,55.67,49.5707,102418400.0,0.0
2016-01-03,55.35,56.85,54.98,55.48,49.4015,99228262.0,0.0
2016-01-10,54.32,55.39,52.07,52.33,46.5966,232695321.0,0.0
2016-01-17,52.51,54.07,50.34,50.99,45.4035,264125481.0,0.0
2016-01-24,51.48,52.33,49.1,52.29,46.561,184584477.0,0.0
2016-01-31,51.94,55.09,51.0201,55.09,49.0543,246509206.0,0.0
2016-02-07,54.88,55.09,49.56,50.16,44.6644,267078226.0,0.0
2016-02-14,49.55,50.68,48.19,50.5,44.9671,227389820.0,0.0
2016-02-21,50.9,52.95,50.13,51.82,46.4677,138815284.0,0.36
2016-02-28,52.28,53.0,50.2,51.3,46.0014,149833414.0,0.0
2016-03-06,51.35,52.97,50.66,52.03,46.656,151430418.0,0.0
2016-03-13,51.56,53.07,50.58,53.07,47.5885,170419402.0,0.0
2016-03-20,52.71,55.0,52.63,53.49,47.9652,172729586.0,0.0
2016-03-27,53.25,54.33,52.93,54.21,48.6108,87128846.0,0.0
2016-04-03,54.21,55.64,53.33,55.57,49.8303,114717327.0,0.0
2016-04-10,55.43,55.66,54.21,54.42,48.7991,100782062.0,0.0
2016-04-17,54.49,55.92,53.76,55.65,49.9021,116847337.0,0.0
2016-04-24,55.49,56.77,50.77,51.78,46.4318,255321678.0,0.0
2016-05-01,51.78,52.35,49.35,49.87,44.7191,201675370.0,0.0
2016-05-08,50.0,50.75,49.46,50.39,45.1854,134010358.0,0.0
2016-05-15,50.49,51.895,50.0,51.08,45.8041,111576827.0,0.0
2016-05-22,50.8,51.96,49.82,50.62,45.7151,120491190.0,0.36
2016-05-29,50.6,52.49,49.98,52.32,47.2504,127137891.0,0.0
2016-06-05,52.26,53.0,51.6,51.79,46.7718,109186979.0,0.0
2016-06-12,51.99,52.73,51.04,51.48,46.4918,106398294.0,0.0
2016-06-19,49.58,50.715,49.06,50.13,45.2726,236451710.0,0.0
2016-06-26,50.64,52.06,49.52,49.83,45.0017,261054437.0,0.0
2016-07-03,49.1,51.72,48.035,51.16,46.2028,169949551.0,0.0
2016-07-10,50.83,52.36,50.39,52.3,47.2323,100950032.0,0.0
2016-07-17,52.5,54.0,52.47,53.7,48.4967,131513504.0,0.0
2016-07-24,53.7,56.84,52.93,56.57,51.0886,239597518.0,0.0
2016-07-31,56.47,57.29,55.72,56.68,51.1879,154126188.0,0.0
2016-08-07,56.6,58.21,56.14,57.96,52.3439,139123963.0,0.0
2016-08-14,58.055,58.5,57.62,57.94,52.3258,91968595.0,0.0
2016-08-21,58.01,58.5,57.2,57.62,52.363,90149203.0,0.36
2016-08-28,57.6,58.7,57.26,58.03,52.7356,91629582.0,0.0
2016-09-04,58.18,58.6,57.01,57.67,52.4084,99183513.0,0.0
2016-09-11,57.78,57.84,56.21,56.21,51.0816,89031792.0,0.0
2016-09-18,56.0,57.63,55.61,57.25,52.0267,155377027.0,0.0
2016-09-25,57.27,58.0,56.75,57.43,52.1903,111805897.0,0.0
2016-10-02,57.08,58.1679,56.681,57.6,52.3448,125664515.0,0.0
2016-10-09,57.405,57.98,56.97,57.8,52.5266,92303431.0,0.0
2016-10-16,57.91,58.39,56.315,57.42,52.1812,119587590.0,0.0
2016-10-23,57.36,60.45,56.66,59.66,54.2169,195345767.0,0.0
2016-10-30,59.94,61.3699,59.58,59.87,54.4077,181170290.0,0.0
2016-11-06,60.16,60.42,58.52,58.71,53.3535,123412131.0,0.0
2016-11-13,59.78,60.78,57.6302,59.02,53.6353,200822869.0,0.0
2016-11-20,59.02,61.14,57.28,60.35,55.2072,164384062.0,0.39
2016-11-27,60.5,61.26,60.13,60.53,55.3719,73117824.0,0.0
2016-12-04,60.34,61.41,58.8,59.25,54.201,137812561.0,0.0
2016-12-11,59.7,61.99,59.56,61.97,56.6892,122838771.0,0.0
2016-12-18,61.82,63.45,61.72,62.3,56.9911,156392554.0,0.0
2016-12-25,62.56,64.1,62.42,63.24,57.851,112043306.0,0.0
2017-01-01,63.21,64.07,62.03,62.14,56.8447,62247011.0,0.0
2017-01-08,62.79,63.15,62.03,62.84,57.4851,86832957.0,0.0
2017-01-15,62.76,63.4,61.95,62.7,57.357,100883602.0,0.0
2017-01-22,62.68,62.98,62.03,62.74,57.3936,88999202.0,0.0
2017-01-29,62.7,65.91,62.57,65.78,60.1745,160798071.0,0.0
2017-02-05,65.69,65.79,62.75,63.68,58.2535,172722294.0,0.0
2017-02-12,63.5,64.435,63.14,64.0,58.5462,98985116.0,0.0
2017-02-19,64.24,65.24,64.02,64.62,59.4704,104828847.0,0.39
2017-02-26,64.61,64.95,64.05,64.62,59.4704,82018448.0,0.0
2017-03-05,64.54,64.99,63.62,64.25,59.1299,108727793.0,0.0
2017-03-12,63.97,65.26,63.81,64.93,59.7557,98167226.0,0.0
2017-03-19,65.01,65.24,64.15,64.87,59.7005,129108029.0,0.0
2017-03-26,64.91,65.5,64.12,64.98,59.8017,103804886.0,0.0
2017-04-02,64.63,66.19,64.35,65.86,60.6116,88476598.0,0.0
2017-04-09,65.81,66.35,65.19,65.68,60.4459,87039641.0,0.0
2017-04-16,65.61,65.86,64.85,64.95,59.7741,71749271.0,0.0
2017-04-23,65.04,66.7,64.89,66.4,61.1086,113659769.0,0.0
2017-04-30,67.48,69.14,67.1,68.46,63.0044,156408932.0,0.0
2017-05-07,68.68,69.71,68.485,69.0,63.5014,123335404.0,0.0
2017-05-14,68.97,69.56,68.04,68.38,62.9308,103664709.0,0.0
2017-05-21,68.14,69.44,67.14,67.69,62.6458,145206491.0,0.39
2017-05-28,67.89,70.22,67.5,69.96,64.7466,86602544.0,0.0
2017-06-04,69.79,71.86,69.451,71.76,66.4125,102092670.0,0.0
2017-06-11,71.97,72.89,68.59,70.32,65.0798,155224472.0,0.0
2017-06-18,69.25,71.1,68.13,70.0,64.7836,170063923.0,0.0
2017-06-25,70.5,71.25,69.71,71.21,65.9035,108512334.0,0.0
2017-07-02,71.4,71.71,68.09,68.93,63.7934,120667642.0,0.0
2017-07-09,69.33,69.84,68.02,69.46,64.2839,73013732.0,0.0
2017-07-16,69.46,73.27,69.2,72.78,67.3565,95004977.0,0.0
2017-07-23,72.8,74.3,72.66,73.79,68.2912,148878177.0,0.0
2017-07-30,73.53,74.42,72.32,73.04,67.5971,111200086.0,0.0
2017-08-06,73.3,73.44,71.445,72.68,67.2639,109134465.0,0.0
2017-08-13,72.8,73.13,71.28,72.5,67.0973,104828725.0,0.0
2017-08-20,73.06,74.1,71.93,72.49,67.4454,95411795.0,0.39
2017-08-27,72.47,73.35,71.7,72.82,67.7525,73981293.0,0.0
2017-09-03,73.06,74.96,72.05,73.94,68.7945,90545558.0,0.0
2017-09-10,73.34,74.6,72.98,73.98,68.8317,69017636.0,0.0
2017-09-17,74.31,75.49,74.07,75.31,70.0692,97705887.0,0.0
2017-09-24,75.23,75.97,73.85,74.41,69.2318,91761244.0,0.0
2017-10-01,74.09,74.535,72.92,74.49,69.3063,87056437.0,0.0
2017-10-08,74.71,76.12,73.71,76.0,70.7112,74782566.0,0.0
2017-10-15,75.97,77.87,75.86,77.49,72.0975,71908474.0,0.0
2017-10-22,77.42,78.97,77.25,78.81,73.3256,78931157.0,0.0
2017-10-29,78.99,86.2,78.01,83.81,77.9777,156867173.0,0.0
2017-11-05,83.7,84.54,82.88,84.14,78.2847,121452467.0,0.0
2017-11-12,84.2,84.9,82.9,83.87,78.0335,94050917.0,0.0
2017-11-19,83.66,84.1,82.24,82.4,77.0538,94156894.0,0.42
2017-11-26,82.4,83.9,82.25,83.26,77.858,64949156.0,0.0
2017-12-03,83.31,85.06,83.18,84.26,78.7932,128510609.0,0.0
2017-12-10,84.42,84.58,80.7,84.16,78.6996,132514425.0,0.0
2017-12-17,84.29,87.09,84.12,86.85,81.2151,136262249.0,0.0
2017-12-24,87.12,87.4999,84.71,85.51,79.9621,98890443.0,0.0
2017-12-31,85.31,86.05,85.03,85.54,79.9901,50773814.0,0.0
2018-01-07,86.13,88.41,85.5,88.19,82.4682,89838713.0,0.0
2018-01-14,88.2,89.78,87.24,89.6,83.7867,98343817.0,0.0
2018-01-21,90.1,90.79,88.01,90.0,84.1607,118433167.0,0.0
2018-01-28,90.0,94.06,89.74,94.06,87.9573,127913923.0,0.0
2018-02-04,95.14,96.07,91.5,91.78,85.8253,202570318.0,0.0
2018-02-11,90.56,93.24,83.83,88.18,82.4588,253644732.0,0.0
2018-02-18,88.74,93.5,87.8,92.0,86.4289,153611971.0,0.42
2018-02-25,91.48,94.07,91.01,94.06,88.3641,104692721.0,0.0
2018-03-04,94.4,95.84,90.86,93.05,87.4153,154581506.0,0.0
2018-03-11,92.34,96.54,92.26,96.54,90.694,133800312.0,0.0
2018-03-18,96.5,97.24,92.83,94.6,88.8714,164964544.0,0.0
2018-03-25,93.74,94.05,87.08,87.18,81.9008,157031195.0,0.0
2018-04-01,90.61,95.14,88.4,91.27,85.7431,207104405.0,0.0
2018-04-08,90.47,93.07,87.51,90.23,84.7661,189087091.0,0.0
2018-04-15,91.04,94.18,90.62,93.08,87.4435,133450878.0,0.0
2018-04-22,94.07,97.07,93.42,95.0,89.2472,122809288.0,0.0
2018-04-29,95.74,97.9,90.28,95.82,90.0176,181387708.0,0.0
2018-05-06,96.33,96.4,92.45,95.16,89.3975,154077356.0,0.0
2018-05-13,95.17,97.95,95.05,97.7,91.7837,114220453.0,0.0
2018-05-20,97.92,98.69,95.83,96.36,90.9162,96545432.0,0.42
2018-05-27,97.0,98.98,96.32,98.36,92.8032,101128083.0,0.0
2018-06-03,97.84,100.86,97.23,100.79,95.0959,113626024.0,0.0
2018-06-10,101.26,102.69,100.38,101.63,95.8885,122316267.0,0.0
2018-06-17,101.01,102.03,100.07,100.13,94.4732,162739393.0,0.0
2018-06-24,100.01,102.52,99.42,100.41,94.7374,140541209.0,0.0
2018-07-01,100.0,100.11,97.26,98.61,93.0391,148332848.0,0.0
2018-07-08,98.1,101.43,98.0,101.16,95.445,72446825.0,0.0
2018-07-15,101.65,105.6,101.1,105.43,99.4738,106139197.0,0.0
2018-07-22,105.4,108.2,103.89,106.27,100.2664,173393038.0,0.0
2018-07-29,106.3,111.15,106.13,107.68,101.5967,155199034.0,0.0
2018-08-05,107.19,108.09,104.76,108.04,101.9364,130716035.0,0.0
2018-08-12,108.12,110.16,107.56,109.0,102.8421,83694598.0,0.0
2018-08-19,109.24,109.75,106.69,107.58,101.8983,104691805.0,0.42
2018-08-26,107.51,108.56,105.78,108.4,102.675,94198444.0,0.0
2018-09-02,109.27,112.78,108.51,112.33,106.3975,105653318.0,0.0
2018-09-09,110.85,111.96,107.23,108.21,102.4951,101483263.0,0.0
2018-09-16,108.84,113.73,108.36,113.37,107.3825,109098713.0,0.0
2018-09-23,113.69,115.29,111.04,114.26,108.2255,159580089.0,0.0
2018-09-30,113.03,115.1,112.22,114.37,108.3297,110093609.0,0.0
2018-10-07,114.75,116.18,110.64,112.13,106.208,120208912.0,0.0
2018-10-14,111.66,113.08,104.2,109.57,103.7832,228861873.0,0.0
2018-10-21,108.91,111.81,106.95,108.66,102.9213,155518177.0,0.0
2018-10-28,109.32,110.54,101.59,106.96,101.3111,251383718.0,0.0
2018-11-04,108.11,108.7,100.11,106.16,100.5533,242639657.0,0.0
2018-11-11,106.37,112.24,105.9,109.57,103.7832,147847424.0,0.0
2018-11-18,109.42,109.96,103.91,108.29,103.0203,180498817.0,0.46
2018-11-25,108.27,108.56,99.35,103.07,98.0543,150780076.0,0.0
2018-12-02,104.79,111.33,104.58,110.89,105.4938,170037931.0,0.0
2018-12-09,113.0,113.42,104.3,104.82,99.7192,174082124.0,0.0
2018-12-16,104.8,111.27,103.89,106.03,100.8703,197742990.0,0.0
2018-12-23,105.41,106.88,97.46,98.23,93.4499,356050950.0,0.0
2018-12-30,97.68,102.41,93.96,100.39,95.5048,183237806.0,0.0
2019-01-06,101.29,102.51,97.2,101.93,96.9698,155142140.0,0.0
2019-01-13,101.64,104.88,100.98,102.8,97.7975,157833149.0,0.0
2019-01-20,101.9,107.9,101.26,107.71,102.4685,155699162.0,0.0
2019-01-27,106.75,107.88,104.86,107.17,101.9548,112628578.0,0.0
2019-02-03,106.26,106.48,102.17,102.78,97.7784,201611213.0,0.0
2019-02-10,102.87,107.27,102.77,105.67,100.5278,130472196.0,0.0
2019-02-17,106.2,108.3,104.97,108.22,102.9537,110757176.0,0.0
2019-02-24,107.79,111.2,106.29,110.97,106.0231,96472580.0,0.46
2019-03-03,111.76,113.24,110.88,112.53,107.5136,119359497.0,0.0
2019-03-10,113.02,113.25,108.8,110.51,105.5836,111990712.0,0.0
2019-03-17,110.99,117.25,110.98,115.91,110.7429,173532134.0,0.0
2019-03-24,116.17,120.82,116.05,117.05,111.8321,160388610.0,0.0
2019-03-31,116.56,118.71,115.52,117.94,112.6824,119632716.0,0.0
2019-04-07,118.95,120.43,118.1,119.89,114.5455,99731237.0,0.0
2019-04-14,119.81,120.98,118.58,120.95,115.5582,83159600.0,0.0
2019-04-21,120.94,123.52,120.1,123.37,117.8703,77156295.0,0.0
2019-04-28,122.62,131.37,122.57,129.89,124.0997,132620050.0,0.0
2019-05-05,129.9,130.7,125.52,128.9,123.1538,119573665.0,0.0
2019-05-12,126.39,128.56,123.57,127.13,121.4627,146827040.0,0.0
2019-05-19,124.11,130.46,123.04,128.07,122.8075,139816701.0,0.46
2019-05-26,126.52,128.24,124.74,126.24,121.0527,92123847.0,0.0
2019-06-02,126.98,128.0,123.32,123.68,118.5979,89367881.0,0.0
2019-06-09,123.85,132.25,119.01,131.4,126.0006,147636968.0,0.0
2019-06-16,132.4,134.24,130.71,132.45,127.0075,102505844.0,0.0
2019-06-23,132.63,137.73,132.53,136.97,131.3418,133967168.0,0.0
2019-06-30,137.0,138.4,132.73,133.96,128.4554,124214457.0,0.0
2019-07-07,136.63,137.74,134.97,137.06,131.4281,69662439.0,0.0
2019-07-14,136.4,139.22,135.37,138.9,133.1925,102201981.0,0.0
2019-07-21,139.44,140.67,134.67,136.62,131.0061,139389612.0,0.0
2019-07-28,137.41,141.68,137.33,141.34,135.5322,101248083.0,0.0
2019-08-04,141.5,141.51,135.08,136.9,131.2746,143400310.0,0.0
2019-08-11,133.3,139.38,130.78,137.71,132.0513,159823950.0,0.0
2019-08-18,137.07,138.8,132.25,136.13,130.9845,131659759.0,0.46
2019-08-25,137.85,139.49,132.8,133.39,128.348,117766903.0,0.0
2019-09-01,134.99,139.18,133.55,137.86,132.6491,104909787.0,0.0
2019-09-08,136.61,140.38,135.7,139.1,133.8422,83840107.0,0.0
2019-09-15,139.59,139.75,134.51,137.32,132.1295,129776465.0,0.0
2019-09-22,135.83,142.37,135.66,139.44,134.1693,135317290.0,0.0
2019-09-29,139.23,140.69,136.03,137.73,132.524,110281568.0,0.0
2019-10-06,138.05,140.25,133.22,138.12,132.8992,123233428.0,0.0
2019-10-13,137.14,141.03,135.62,139.68,134.4003,107510772.0,0.0
2019-10-20,139.69,141.79,136.56,137.41,132.2161,107104735.0,0.0
2019-10-27,138.45,141.14,135.61,140.73,135.4106,142631768.0,0.0
2019-11-03,144.4,145.67,142.65,143.72,138.2876,131732463.0,0.0
2019-11-10,144.83,145.99,143.2,145.96,140.4429,86277623.0,0.0
2019-11-17,145.34,149.99,144.73,149.97,144.3013,93727027.0,0.0
2019-11-24,150.07,151.33,148.46,149.59,144.4263,105652749.0,0.51
2019-12-01,150.0,152.5,149.92,151.38,146.1545,74242278.0,0.0
2019-12-08,151.81,151.87,146.65,151.75,146.5117,104537379.0,0.0
2019-12-15,151.07,154.89,150.33,154.53,149.1958,100577839.0,0.0
2019-12-22,155.11,158.49,153.75,157.41,151.9764,153142114.0,0.0
2019-12-29,158.12,159.55,157.12,158.96,153.4729,59656712.0,0.0
2020-01-05,158.99,160.73,156.45,158.62,153.1446,78506330.0,0.0
2020-01-12,157.08,163.22,156.51,161.34,155.7707,112604365.0,0.0
2020-01-19,161.76,167.47,161.26,167.1,161.3319,121822087.0,0.0
2020-01-26,166.68,168.19,164.45,165.04,159.343,97961146.0,0.0
2020-02-02,161.15,174.05,160.2,170.23,164.3538,179845938.0,0.0
2020-02-09,170.43,185.63,170.4,183.89,177.5423,167049170.0,0.0
2020-02-16,183.58,190.7,181.85,185.35,178.9519,194512444.0,0.0
2020-02-23,185.61,188.18,177.25,178.59,172.8948,143313345.0,0.51
2020-03-01,167.77,174.84,152.0,162.01,156.8435,383019972.0,0.0
2020-03-08,165.31,175.0,156.0,161.57,156.4176,313160520.0,0.0
2020-03-15,151.0,161.91,138.58,158.83,153.7649,378231775.0,0.0
2020-03-22,140.0,150.15,135.0,137.35,132.9699,421347734.0,0.0
2020-03-29,137.01,156.66,132.52,149.7,144.9261,358866845.0,0.0
2020-04-05,152.44,164.78,150.01,153.83,148.9244,290191457.0,0.0
2020-04-12,160.32,170.0,157.58,165.14,159.8737,229630744.0,0.0
2020-04-19,164.35,180.0,162.3,178.6,172.9045,238965670.0,0.0
2020-04-26,176.63,178.75,166.11,174.55,168.9836,194621072.0,0.0
2020-05-03,176.59,180.4,169.39,174.57,169.003,212119968.0,0.0
2020-05-10,174.49,185.0,173.8,184.68,178.7906,158579959.0,0.0
2020-05-17,183.15,187.51,175.68,183.16,177.3191,196126640.0,0.0
2020-05-24,185.75,186.67,182.54,183.51,178.1459,143226709.0,0.51
2020-05-31,186.34,186.5,176.6,183.25,177.8935,151569299.0,0.0
2020-06-07,182.54,187.73,181.35,187.2,181.7281,149429874.0,0.0
2020-06-14,185.94,198.52,184.44,187.74,182.2523,203096094.0,0.0
2020-06-21,184.58,199.29,184.01,195.15,189.4457,168517456.0,0.0
2020-06-28,195.79,203.95,194.88,196.33,190.5912,182956736.0,0.0
2020-07-05,195.78,208.02,193.55,206.26,200.2309,122405847.0,0.0
2020-07-12,208.83,216.38,207.99,213.67,207.4243,158537665.0,0.0
2020-07-19,214.48,215.8,201.39,202.88,196.9497,169559618.0,0.0
2020-07-26,205.0,213.94,197.51,201.3,195.4159,230978319.0,0.0
2020-08-02,201.47,205.1,199.01,205.01,199.0175,149372422.0,0.0
2020-08-09,211.52,217.64,210.31,212.48,206.2691,217598950.0,0.0
2020-08-16,211.67,211.88,203.14,208.9,202.7938,141752091.0,0.0
2020-08-23,209.6,216.25,208.91,213.02,207.2963,132258021.0,0.51
2020-08-30,214.79,231.15,212.43,228.91,222.7593,171999762.0,0.0
2020-09-06,227.0,232.86,205.19,214.25,208.4932,206710590.0,0.0
2020-09-13,206.5,214.8399,201.24,204.03,198.5478,167684903.0,0.0
2020-09-20,204.24,210.65,196.25,200.39,195.0056,167808757.0,0.0
2020-09-27,197.19,209.04,196.38,207.82,202.236,164800307.0,0.0
2020-10-04,210.88,213.99,205.54,206.19,200.6498,150611695.0,0.0
2020-10-11,207.22,215.86,204.82,215.81,210.0113,121950760.0,0.0
2020-10-18,218.79,225.21,216.01,219.66,213.7578,141654870.0,0.0
2020-10-25,220.415,222.3,211.7,216.23,210.42,114335316.0,0.0
2020-11-01,213.85,216.3399,199.62,202.47,197.0297,193420153.0,0.0
2020-11-08,204.29,224.36,200.12,223.72,217.7088,161978002.0,0.0
2020-11-15,224.435,228.12,209.72,216.51,210.6925,158127280.0,0.0
2020-11-22,214.87,217.74,209.93,210.39,205.2801,125116110.0,0.56
2020-11-29,210.95,216.27,208.16,215.23,210.0025,95039045.0,0.0
2020-12-06,214.1,217.32,210.835,214.36,209.1537,137074249.0,0.0
2020-12-13,214.37,216.95,209.11,213.26,208.0804,137791151.0,0.0
2020-12-20,213.1,220.89,212.24,218.59,213.2809,186710444.0,0.0
2020-12-27,217.55,225.63,217.2801,222.75,217.3399,89075493.0,0.0
2021-01-03,224.45,227.18,219.68,222.42,217.0179,76380383.0,0.0
2021-01-10,222.53,223.0,211.94,219.62,214.2859,147534431.0,0.0
2021-01-17,218.47,218.91,212.03,212.65,207.4852,127375699.0,0.0
2021-01-24,213.75,230.07,212.63,225.95,220.4622,129180335.0,0.0
2021-01-31,229.12,242.64,224.22,231.96,226.3262,243806631.0,0.0
2021-02-07,235.06,245.09,232.43,242.2,236.3175,129501505.0,0.0
2021-02-14,243.15,245.92,240.81,244.99,239.0397,100112782.0,0.0
2021-02-21,245.03,246.13,240.18,240.97,235.6566,90368267.0,0.56
2021-02-28,237.42,237.93,227.88,232.38,227.256,169414358.0,0.0
2021-03-07,235.9,237.47,224.26,231.6,226.4932,168775377.0,0.0
2021-03-14,231.37,239.17,227.13,235.75,230.5517,150656031.0,0.0
2021-03-21,234.96,240.055,229.3496,230.35,225.2707,164979946.0,0.0
2021-03-28,230.27,241.05,230.14,236.48,231.2656,146927214.0,0.0
2021-04-04,236.59,242.84,231.1,242.35,237.0061,123980920.0,0.0
2021-04-11,242.76,255.99,242.7,255.85,250.2084,130514397.0,0.0
2021-04-18,254.71,261.0,254.62,260.74,254.9906,124563138.0,0.0
2021-04-25,260.19,261.78,255.64,261.15,255.3916,114067956.0,0.0
2021-05-02,261.66,263.19,249.0,252.18,246.6194,169214799.0,0.0
2021-05-09,253.4,254.35,244.69,252.46,246.8932,127807942.0,0.0
2021-05-16,250.87,251.73,238.07,248.15,242.6782,153151228.0,0.0
2021-05-23,246.55,248.33,238.6,245.17,240.3162,114541724.0,0.56
2021-05-30,247.785,252.94,247.51,249.68,244.7369,99588636.0,0.0
2021-06-06,251.23,251.65,243.0,250.79,245.8249,93208820.0,0.0
2021-06-13,249.98,258.4868,249.81,257.89,252.7844,107035149.0,0.0
2021-06-20,257.9,262.3,254.42,259.43,254.2939,128993727.0,0.0
2021-06-27,259.82,267.85,257.92,265.02,259.7732,117966870.0,0.0
2021-07-04,266.185,278.0,265.91,277.65,272.1532,104384023.0,0.0
2021-07-11,278.03,280.6945,274.3,277.94,272.4374,103360847.0,0.0
2021-07-18,279.157,284.1,276.58,280.75,275.1918,116956560.0,0.0
2021-07-25,278.9335,289.99,274.45,289.67,283.9352,129711825.0,0.0
2021-08-01,289.0,290.15,282.95,284.91,279.2695,129074080.0,0.0
2021-08-08,286.36,289.63,283.74,289.46,283.7294,80827209.0,0.0
2021-08-15,289.75,292.9,285.2,292.85,287.0523,80543547.0,0.0
2021-08-22,293.19,305.84,288.64,304.36,298.909,135072369.0,0.56
2021-08-29,303.245,305.65,296.83,299.72,294.3521,101283798.0,0.0
2021-09-05,301.115,305.19,300.18,301.14,295.7467,92659391.0,0.0
2021-09-12,301.005,302.14,295.38,295.71,290.414,71791265.0,0.0
2021-09-19,297.55,305.32,294.08,299.87,294.4994,134785958.0,0.0
2021-09-26,296.33,300.9,289.52,299.35,293.9888,120872685.0,0.0
2021-10-03,296.14,296.47,281.29,289.1,283.9223,155541590.0,0.0
2021-10-10,287.4,296.6409,280.25,294.85,289.5694,122462501.0,0.0
2021-10-17,292.92,304.45,292.35,304.21,298.7617,113344507.0,0.0
2021-10-24,303.57,311.09,302.69,309.16,303.6231,91315937.0,0.0
2021-10-31,309.36,332.0,306.46,331.62,325.6808,159314433.0,0.0
2021-11-07,331.355,338.79,326.37,336.06,330.0413,120621826.0,0.0
2021-11-14,337.3,338.72,329.92,336.72,330.6895,106622220.0,0.0
2021-11-21,337.54,345.1,334.034,343.11,337.5811,101090157.0,0.62
2021-11-28,344.62,349.67,328.12,329.68,324.3675,107337225.0,0.0
2021-12-05,334.94,339.28,318.03,323.01,317.805,177395495.0,0.0
2021-12-12,323.95,343.0,319.23,342.54,337.0203,146125332.0,0.0
2021-12-19,340.68,343.79,317.25,323.8,318.5823,191737796.0,0.0
2021-12-26,320.05,336.39,317.57,334.69,329.2968,97516470.0,0.0
2022-01-02,335.46,344.3,335.43,336.32,330.9005,84417803.0,0.0
2022-01-09,335.35,338.0,310.09,314.04,308.9795,174012812.0,0.0
2022-01-16,309.485,323.41,303.75,310.2,305.2014,193141391.0,0.0
2022-01-23,304.07,313.9093,295.61,296.03,291.2597,180568678.0,0.0
2022-01-30,292.2,308.5,276.05,308.26,303.2927,352537899.0,0.0
2022-02-06,308.95,315.12,299.96,305.94,301.0101,202857381.0,0.0
2022-02-13,306.17,311.93,294.22,295.04,290.2857,176800964.0,0.0
2022-02-20,293.77,300.87,286.305,287.93,283.8767,160446684.0,0.62
2022-02-27,285.0,297.63,271.52,297.31,293.1247,168916893.0,0.0
2022-03-06,294.31,303.13,287.165,289.86,285.7795,157402366.0,0.0
2022-03-13,288.53,289.69,270.0,280.07,276.1274,184358475.0,0.0
2022-03-20,280.34,301.0,275.82,300.43,296.2007,175744631.0,0.0
2022-03-27,298.89,305.5,294.9,303.68,299.405,128192615.0,0.0
2022-04-03,304.33,315.95,304.33,309.42,305.0642,148667745.0,0.0
2022-04-10,310.09,315.11,296.28,296.97,292.7895,143204193.0,0.0
2022-04-17,291.79,292.61,279.32,279.83,275.8907,115664768.0,0.0
2022-04-24,278.91,293.3,273.38,274.03,270.1724,124741446.0,0.0
2022-05-01,273.29,290.98,270.0,277.52,273.6133,211924047.0,0.0
2022-05-08,277.71,290.88,271.27,274.73,270.8625,175633827.0,0.0
2022-05-15,270.06,273.75,250.02,261.12,257.4441,221997169.0,0.0
2022-05-22,259.955,268.33,246.44,252.56,249.6122,164627282.0,0.62
2022-05-29,255.49,273.34,253.43,273.24,270.0509,142680141.0,0.0
2022-06-05,272.53,277.69,261.6,270.02,266.8685,135187036.0,0.0
2022-06-12,272.06,274.18,252.53,252.99,250.0372,120518929.0,0.0
2022-06-19,245.11,255.3,241.51,247.65,244.7596,184152944.0,0.0
2022-06-26,250.255,267.98,249.51,267.7,264.5755,115674192.0,0.0
2022-07-03,268.205,268.3,252.9,259.58,256.5503,126633760.0,0.0
2022-07-10,256.16,269.055,254.74,267.66,264.536,87314678.0,0.0
2022-07-17,265.65,266.53,245.94,256.72,253.7237,139761854.0,0.0
2022-07-24,259.75,265.33,253.3,260.36,257.3212,113061843.0,0.0
2022-07-31,260.995,282.0,249.57,280.74,277.4633,172010083.0,0.0
2022-08-07,277.82,283.8,272.38,282.91,279.608,102685912.0,0.0
2022-08-14,284.05,291.91,277.61,291.91,288.503,109536514.0,0.0
2022-08-21,291.0,294.18,285.56,286.15,283.4121,92198119.0,0.62
2022-08-28,282.08,282.46,267.98,268.09,265.5249,104858212.0,0.0
2022-09-04,265.85,267.4,254.47,256.06,253.61,113799087.0,0.0
2022-09-11,256.2,265.23,251.94,264.46,261.9296,87823670.0,0.0
2022-09-18,265.78,267.45,242.0627,244.74,242.3983,147336678.0,0.0
2022-09-25,242.465,247.66,235.2,237.92,235.6436,147215927.0,0.0
2022-10-02,237.045,242.33,232.73,232.9,230.6716,146921666.0,0.0
2022-10-09,235.41,250.58,233.17,234.24,231.9988,142125397.0,0.0
2022-10-16,233.05,237.24,219.13,228.56,226.3731,154871905.0,0.0
2022-10-23,235.82,243.93,234.29,242.12,239.8034,122568305.0,0.0
2022-10-30,243.76,251.04,225.78,235.87,233.6132,223443932.0,0.0
2022-11-06,233.76,235.74,213.431,221.39,219.2717,170779529.0,0.0
2022-11-13,221.99,247.99,221.28,247.11,244.7456,170431704.0,0.0
2022-11-20,241.985,247.0,237.63,241.22,239.5841,137343796.0,0.68
2022-11-27,241.43,248.7,240.71,247.49,245.8115,74769633.0,0.0
2022-12-04,246.08,256.12,238.21,255.02,253.2905,137930867.0,0.0
2022-12-11,252.01,253.819,242.205,245.42,243.7556,109602043.0,0.0
2022-12-18,247.445,263.915,243.51,244.69,243.0305,229942973.0,0.0
2022-12-25,244.86,245.615,233.87,238.73,237.1109,128396491.0,0.0
2023-01-01,238.7,241.92,234.17,239.82,238.1936,75854917.0,0.0
2023-01-08,243.08,245.75,219.35,224.93,223.4045,159562627.0,0.0
2023-01-15,226.45,239.9,226.41,239.23,237.6076,131675747.0,0.0
2023-01-22,237.97,242.38,230.68,240.22,238.5908,123872791.0,0.0
2023-01-29,241.1,249.83,230.9,248.16,246.477,198648466.0,0.0
2023-02-05,244.51,264.69,242.2,258.35,256.5979,152686042.0,0.0
2023-02-12,257.44,276.76,254.78,263.1,261.3157,196239002.0,0.0
2023-02-19,267.64,274.97,256.0,258.06,256.957,170244679.0,0.68
2023-02-26,254.48,256.84,248.1,249.22,248.1548,105098500.0,0.0
2023-03-05,252.46,255.62,245.61,255.29,254.1988,126840033.0,0.0
2023-03-12,256.425,260.12,247.6,248.59,247.5275,117910562.0,0.0
2023-03-19,247.4,283.33,245.73,279.43,278.2357,237347572.0,0.0
2023-03-26,276.98,281.06,269.5191,280.57,279.3708,177709524.0,0.0
2023-04-02,280.5,289.27,272.0451,288.3,287.0677,131625277.0,0.0
2023-04-09,286.52,292.08,282.03,291.6,290.3536,102542745.0,0.0
2023-04-16,289.208,289.9,281.64,286.14,284.917,122993610.0,0.0
2023-04-23,289.93,291.755,283.0608,285.76,284.5386,106024017.0,0.0
2023-04-30,282.09,308.93,275.37,307.26,305.9467,219796618.0,0.0
2023-05-07,306.97,311.97,303.4,310.65,309.3222,120776259.0,0.0
2023-05-14,310.13,313.0,306.09,308.97,307.6494,124192361.0,0.0
2023-05-21,309.095,319.04,307.59,318.34,317.6658,122204598.0,0.68
2023-05-28,318.6,333.4,312.61,332.89,332.185,158230100.0,0.0
2023-06-04,335.23,337.5,324.72,335.4,334.6897,127697548.0,0.0
2023-06-11,335.22,338.5599,322.5,326.79,326.0979,128227063.0,0.0
2023-06-18,328.58,351.47,325.16,342.33,341.605,158712883.0,0.0
2023-06-25,339.31,342.08,332.07,335.02,334.3105,98196871.0,0.0
2023-07-02,333.72,342.73,328.49,340.54,339.8188,109964013.0,0.0
2023-07-09,339.19,342.99,334.7276,337.22,336.5058,80091428.0,0.0
2023-07-16,334.6,351.43,327.0,345.24,344.5088,138404817.0,0.0
2023-07-23,345.678,366.78,339.83,343.77,343.0419,228153310.0,0.0
2023-07-30,345.85,351.89,329.05,338.37,337.6534,194860778.0,0.0
2023-08-06,336.92,338.54,325.95,327.78,327.0858,113690368.0,0.0
2023-08-13,328.37,331.11,319.21,321.01,320.3301,106911584.0,0.0
2023-08-20,321.39,325.09,311.5508,316.48,316.48,102513461.0,0.68
2023-08-27,317.93,332.98,317.04,322.98,322.98,106273900.0,0.0
2023-09-03,325.66,331.99,321.722,328.66,328.66,90668160.0,0.0
2023-09-10,329.0,336.16,328.66,334.27,334.27,74018792.0,0.0
